id_municipio,idhm,idhm_educacao,idhm_renda,idhm_longevidade,pib_per_capita,indice_gini,taxa_abandono_fundamental,populacao_estimada,porte_municipio
3302403,0.79,0.731,0.794,0.845,57221.9,0.461,0.66,2083,Pequeno I (< 20k)
3147907,0.828,0.773,0.828,0.883,41326.34,0.473,0.75,6481,Pequeno I (< 20k)
3137205,0.811,0.754,0.812,0.866,40790.86,0.554,0.44,40782,Pequeno II (20k - 50k)
4204806,0.738,0.675,0.745,0.793,32061.31,0.442,1.12,13246,Pequeno I (< 20k)
3124807,0.731,0.667,0.741,0.786,86739.24,0.505,1.67,19288,Pequeno I (< 20k)
1505908,0.703,0.625,0.685,0.8,9797.83,0.542,1.65,7088,Pequeno I (< 20k)
2922409,0.648,0.574,0.622,0.749,19149.95,0.517,2.58,16780,Pequeno I (< 20k)
3131307,0.814,0.758,0.815,0.869,44844.51,0.54,1.8,20225,Pequeno II (20k - 50k)
3107802,0.834,0.78,0.833,0.889,41066.87,0.542,0.85,1680,Pequeno I (< 20k)
2305001,0.65,0.576,0.624,0.751,26954.47,0.555,2.04,7367,Pequeno I (< 20k)
3136702,0.743,0.679,0.751,0.798,46214.05,0.473,1.95,23378,Pequeno II (20k - 50k)
3147006,0.755,0.692,0.762,0.81,42630.99,0.503,0.58,102240,Grande (100k - 500k)
3155405,0.78,0.72,0.784,0.835,83711.99,0.528,0.64,3230,Pequeno I (< 20k)
2932606,0.602,0.523,0.58,0.703,22124.07,0.502,1.9,5957,Pequeno I (< 20k)
2306504,0.658,0.584,0.63,0.759,16728.85,0.573,2.67,23326,Pequeno II (20k - 50k)
2309706,0.658,0.585,0.631,0.759,14133.27,0.593,2.83,3683,Pequeno I (< 20k)
3304557,0.785,0.726,0.789,0.84,74159.51,0.517,1.7,64598,Médio (50k - 100k)
1300102,0.671,0.59,0.656,0.768,24621.57,0.521,3.76,5459,Pequeno I (< 20k)
3118601,0.739,0.675,0.748,0.794,60280.89,0.566,1.57,3953,Pequeno I (< 20k)
3167202,0.751,0.689,0.759,0.806,73817.22,0.503,0.56,5660,Pequeno I (< 20k)
2910057,0.651,0.577,0.624,0.752,29832.19,0.498,1.78,52935,Médio (50k - 100k)
5218805,0.782,0.723,0.788,0.836,50989.65,0.497,2.04,24863,Pequeno II (20k - 50k)
3130556,0.796,0.737,0.799,0.851,31815.16,0.497,0.91,3690,Pequeno I (< 20k)
4317806,0.867,0.817,0.862,0.92,50494.17,0.478,2.16,6830,Pequeno I (< 20k)
3170206,0.78,0.72,0.785,0.835,48786.39,0.503,0.82,4135,Pequeno I (< 20k)
2300101,0.689,0.619,0.658,0.79,23849.97,0.546,3.01,4884,Pequeno I (< 20k)
3154606,0.826,0.771,0.826,0.881,47077.49,0.571,0.69,68103,Médio (50k - 100k)
1507953,0.705,0.626,0.686,0.802,40507.81,0.567,2.06,11833,Pequeno I (< 20k)
5210406,0.76,0.698,0.768,0.814,34090.52,0.461,1.15,18751,Pequeno I (< 20k)
3146305,0.754,0.692,0.762,0.809,50984.27,0.49,1.22,45694,Pequeno II (20k - 50k)
1501402,0.626,0.54,0.615,0.723,24259.35,0.537,2.95,12160,Pequeno I (< 20k)
4127700,0.77,0.711,0.774,0.825,99876.03,0.433,0.83,10038,Pequeno I (< 20k)
3162104,0.757,0.695,0.763,0.812,33299.7,0.499,1.62,15245,Pequeno I (< 20k)
4119152,0.857,0.807,0.853,0.912,57216.33,0.452,2.24,4025,Pequeno I (< 20k)
4205407,0.731,0.668,0.739,0.786,26345.24,0.504,0.97,55354,Médio (50k - 100k)
3107307,0.748,0.685,0.756,0.803,23843.35,0.482,0.74,18280,Pequeno I (< 20k)
1301902,0.625,0.539,0.615,0.722,30967.01,0.473,3.31,35394,Pequeno II (20k - 50k)
4314902,0.761,0.701,0.766,0.816,33536.19,0.473,2.12,44129,Pequeno II (20k - 50k)
3123007,0.82,0.764,0.821,0.875,47326.1,0.485,1.02,4209,Pequeno I (< 20k)
2702306,0.632,0.556,0.607,0.733,14905.66,0.545,3.32,45777,Pequeno II (20k - 50k)
4124020,0.785,0.727,0.788,0.84,61634.66,0.404,0.88,31632,Pequeno II (20k - 50k)
2914604,0.662,0.589,0.634,0.763,24774.86,0.59,2.27,7121,Pequeno I (< 20k)
2922805,0.666,0.593,0.637,0.767,12442.69,0.526,2.16,19039,Pequeno I (< 20k)
2314102,0.671,0.599,0.642,0.772,17805.01,0.552,3.12,2012,Pequeno I (< 20k)
2920908,0.643,0.568,0.617,0.744,22711.47,0.561,2.76,14568,Pequeno I (< 20k)
2911907,0.676,0.604,0.646,0.777,21678.88,0.543,2.28,527431,Metrópole (> 500k)
1501709,0.632,0.547,0.621,0.729,27789.01,0.539,2.89,46093,Pequeno II (20k - 50k)
4206108,0.757,0.696,0.762,0.812,64854.9,0.504,0.99,2677,Pequeno I (< 20k)
2927408,0.654,0.58,0.627,0.755,43609.19,0.553,3.05,42069,Pequeno II (20k - 50k)
2905800,0.626,0.549,0.602,0.727,16767.36,0.527,2.4,12596,Pequeno I (< 20k)
5201405,0.795,0.737,0.799,0.849,49256.36,0.512,2.59,30565,Pequeno II (20k - 50k)
2608800,0.564,0.481,0.546,0.665,17477.26,0.501,4.3,15718,Pequeno I (< 20k)
1503309,0.577,0.486,0.571,0.674,17172.55,0.536,2.4,5990,Pequeno I (< 20k)
3203056,0.827,0.772,0.827,0.882,63462.22,0.518,0.96,31111,Pequeno II (20k - 50k)
5218789,0.83,0.775,0.831,0.884,59309.86,0.5,1.87,29420,Pequeno II (20k - 50k)
3147105,0.776,0.716,0.781,0.831,81881.1,0.536,0.97,20724,Pequeno II (20k - 50k)
2909703,0.642,0.567,0.617,0.743,34580.32,0.588,3.62,10152,Pequeno I (< 20k)
4314308,0.815,0.76,0.814,0.87,35405.42,0.451,1.06,4802,Pequeno I (< 20k)
3125606,0.741,0.677,0.749,0.796,37901.7,0.518,2.02,10504,Pequeno I (< 20k)
3143302,0.755,0.693,0.762,0.81,48159.58,0.524,1.67,14764,Pequeno I (< 20k)
1302603,0.657,0.574,0.643,0.754,27886.49,0.558,1.83,12682,Pequeno I (< 20k)
4202909,0.735,0.672,0.743,0.79,41317.74,0.514,1.61,5670,Pequeno I (< 20k)
4123907,0.876,0.827,0.87,0.92,42882.22,0.497,1.11,17904,Pequeno I (< 20k)
2207702,0.685,0.614,0.654,0.786,11203.75,0.531,2.03,9433,Pequeno I (< 20k)
4316907,0.807,0.751,0.808,0.862,42029.82,0.517,1.26,5573,Pequeno I (< 20k)
4113700,0.839,0.787,0.837,0.894,75856.44,0.454,0.42,18060,Pequeno I (< 20k)
3205101,0.799,0.742,0.802,0.854,71999.1,0.48,0.83,19476,Pequeno I (< 20k)
2704302,0.692,0.622,0.662,0.793,19862.52,0.54,2.63,2005,Pequeno I (< 20k)
4205001,0.738,0.676,0.746,0.793,27157.27,0.462,1.78,3515,Pequeno I (< 20k)
2922003,0.65,0.575,0.623,0.751,12690.4,0.521,2.17,4679,Pequeno I (< 20k)
3134905,0.684,0.615,0.698,0.739,58331.44,0.508,1.24,47210,Pequeno II (20k - 50k)
3152501,0.785,0.726,0.789,0.84,52511.67,0.535,0.55,4690,Pequeno I (< 20k)
2205201,0.68,0.608,0.65,0.781,21715.42,0.513,2.56,20377,Pequeno II (20k - 50k)
3157807,0.81,0.753,0.811,0.865,53320.61,0.482,0.25,3258,Pequeno I (< 20k)
4127007,0.757,0.697,0.763,0.812,54007.86,0.511,0.88,10964,Pequeno I (< 20k)
2707701,0.736,0.67,0.701,0.837,10982.75,0.559,3.48,14115,Pequeno I (< 20k)
2903003,0.656,0.582,0.628,0.757,26414.35,0.57,2.72,79413,Médio (50k - 100k)
2905701,0.656,0.582,0.629,0.757,26880.96,0.593,1.8,27250,Pequeno II (20k - 50k)
2206050,0.689,0.618,0.658,0.79,17486.52,0.493,1.32,6423,Pequeno I (< 20k)
3122306,0.782,0.722,0.786,0.837,46191.14,0.471,1.66,13108,Pequeno I (< 20k)
1600303,0.659,0.576,0.644,0.756,24828.99,0.508,2.66,32320,Pequeno II (20k - 50k)
3304151,0.827,0.772,0.827,0.882,22041.72,0.525,0.71,2289,Pequeno I (< 20k)
3120904,0.767,0.706,0.773,0.822,58999.82,0.496,0.9,11279,Pequeno I (< 20k)
3106200,0.698,0.63,0.71,0.753,79364.08,0.522,1.76,2825,Pequeno I (< 20k)
2928000,0.633,0.557,0.608,0.734,42198.48,0.549,3.03,6579,Pequeno I (< 20k)
2923100,0.763,0.7,0.725,0.864,21351.72,0.573,2.63,31248,Pequeno II (20k - 50k)
2103802,0.695,0.625,0.663,0.796,34339.86,0.551,1.56,3011,Pequeno I (< 20k)
3143906,0.716,0.65,0.727,0.771,59143.74,0.471,1.82,2291,Pequeno I (< 20k)
4109401,0.78,0.722,0.784,0.835,35215.04,0.413,0.9,4405,Pequeno I (< 20k)
4107850,0.779,0.72,0.782,0.834,77690.51,0.487,1.46,14100,Pequeno I (< 20k)
3205200,0.758,0.697,0.765,0.813,41436.56,0.476,0.7,5368,Pequeno I (< 20k)
2924603,0.67,0.597,0.641,0.771,20506.93,0.543,2.75,12051,Pequeno I (< 20k)
4108403,0.706,0.64,0.716,0.761,57640.08,0.479,0.35,17828,Pequeno I (< 20k)
1716208,0.662,0.58,0.648,0.759,21707.04,0.537,2.46,172551,Grande (100k - 500k)
1505502,0.688,0.608,0.671,0.785,16765.45,0.555,3.03,91531,Médio (50k - 100k)
2106508,0.642,0.567,0.616,0.743,25713.1,0.581,3.16,33680,Pequeno II (20k - 50k)
2100477,0.676,0.605,0.647,0.777,20875.79,0.574,2.01,13130,Pequeno I (< 20k)
2508604,0.637,0.562,0.612,0.738,30640.59,0.555,2.86,1500,Pequeno I (< 20k)
2930808,0.659,0.586,0.632,0.76,26861.61,0.542,2.45,31031,Pequeno II (20k - 50k)
4104303,0.825,0.771,0.824,0.88,35085.66,0.533,1.27,118024,Grande (100k - 500k)
1304203,0.677,0.596,0.661,0.774,25409.98,0.516,3.07,1831,Pequeno I (< 20k)
3110509,0.787,0.728,0.791,0.842,35724.07,0.506,1.32,4025,Pequeno I (< 20k)
2306405,0.697,0.627,0.665,0.798,38377.84,0.545,3.4,7400,Pequeno I (< 20k)
2304707,0.753,0.689,0.716,0.854,17709.85,0.518,2.43,47196,Pequeno II (20k - 50k)
3306305,0.752,0.69,0.759,0.807,88974.93,0.484,0.44,6793,Pequeno I (< 20k)
2112852,0.713,0.644,0.68,0.814,15132.15,0.578,1.94,21590,Pequeno II (20k - 50k)
4117107,0.791,0.734,0.793,0.846,46425.91,0.487,0.73,23802,Pequeno II (20k - 50k)
5219753,0.758,0.696,0.766,0.812,32779.9,0.504,2.85,23876,Pequeno II (20k - 50k)
2104800,0.743,0.679,0.707,0.844,19886.25,0.521,2.88,12769,Pequeno I (< 20k)
3301702,0.807,0.75,0.809,0.862,43476.53,0.524,0.44,1855,Pequeno I (< 20k)
5107925,0.761,0.699,0.769,0.815,25406.48,0.493,1.91,8811,Pequeno I (< 20k)
5208608,0.736,0.672,0.746,0.79,31984.31,0.498,1.05,2982,Pequeno I (< 20k)
2101707,0.719,0.652,0.686,0.82,16414.36,0.535,2.53,38657,Pequeno II (20k - 50k)
2701308,0.612,0.534,0.589,0.713,14529.25,0.576,2.65,3414,Pequeno I (< 20k)
2703809,0.609,0.531,0.586,0.71,37731.22,0.551,1.83,16751,Pequeno I (< 20k)
2924207,0.621,0.544,0.597,0.722,20834.12,0.572,2.44,5508,Pequeno I (< 20k)
2109452,0.64,0.565,0.614,0.741,13254.21,0.547,1.62,3760,Pequeno I (< 20k)
2610608,0.636,0.561,0.611,0.737,12809.1,0.508,1.73,18517,Pequeno I (< 20k)
3135076,0.747,0.684,0.755,0.802,67691.81,0.542,0.5,9984,Pequeno I (< 20k)
2913457,0.61,0.531,0.587,0.711,10383.0,0.555,2.38,38987,Pequeno II (20k - 50k)
5201108,0.722,0.656,0.733,0.776,51071.88,0.498,1.84,5874,Pequeno I (< 20k)
2607208,0.693,0.624,0.662,0.794,38202.35,0.545,2.27,3801,Pequeno I (< 20k)
4205902,0.787,0.729,0.79,0.842,54881.0,0.477,1.32,1809,Pequeno I (< 20k)
4113908,0.791,0.733,0.793,0.846,41375.13,0.472,1.28,5555,Pequeno I (< 20k)
3300407,0.766,0.705,0.772,0.821,71990.83,0.52,1.38,3631,Pequeno I (< 20k)
2301208,0.689,0.619,0.659,0.79,19752.94,0.491,3.13,28489,Pequeno II (20k - 50k)
4106902,0.76,0.7,0.766,0.815,29315.36,0.469,1.04,12836,Pequeno I (< 20k)
2308351,0.61,0.532,0.587,0.711,13090.97,0.543,1.91,16712,Pequeno I (< 20k)
3162708,0.798,0.74,0.801,0.853,74362.22,0.526,0.99,9931,Pequeno I (< 20k)
1100296,0.663,0.581,0.649,0.76,34341.91,0.503,2.61,6114,Pequeno I (< 20k)
2100600,0.795,0.736,0.754,0.896,26781.48,0.521,2.59,6478,Pequeno I (< 20k)
3301009,0.806,0.749,0.808,0.861,58937.28,0.451,0.69,11446,Pequeno I (< 20k)
4318408,0.812,0.757,0.813,0.867,75793.43,0.476,1.19,30313,Pequeno II (20k - 50k)
2603454,0.676,0.604,0.647,0.777,11799.26,0.532,3.11,3581,Pequeno I (< 20k)
2909802,0.617,0.539,0.594,0.718,15296.84,0.553,2.1,124254,Grande (100k - 500k)
4121752,0.802,0.746,0.803,0.857,44491.26,0.481,1.22,6289,Pequeno I (< 20k)
2917201,0.633,0.557,0.608,0.734,25438.31,0.528,2.18,8207,Pequeno I (< 20k)
3105608,0.7,0.632,0.712,0.755,33389.83,0.454,1.65,30943,Pequeno II (20k - 50k)
4208450,0.794,0.737,0.796,0.849,27302.82,0.458,1.33,31612,Pequeno II (20k - 50k)
3141603,0.763,0.702,0.769,0.818,39636.6,0.47,1.31,13758,Pequeno I (< 20k)
4104808,0.742,0.68,0.749,0.797,35319.97,0.481,0.79,2829,Pequeno I (< 20k)
5220108,0.753,0.69,0.761,0.807,31927.55,0.538,1.1,21802,Pequeno II (20k - 50k)
2208106,0.641,0.566,0.616,0.742,16084.43,0.553,2.96,18097,Pequeno I (< 20k)
2302800,0.66,0.586,0.632,0.761,13850.06,0.555,2.34,328020,Grande (100k - 500k)
3300704,0.774,0.714,0.78,0.829,46925.19,0.541,1.17,3689,Pequeno I (< 20k)
2201150,0.664,0.591,0.636,0.765,14412.86,0.599,3.06,18173,Pequeno I (< 20k)
4211900,0.781,0.723,0.784,0.836,49060.64,0.476,1.16,25147,Pequeno II (20k - 50k)
4117800,0.787,0.729,0.789,0.842,33096.4,0.499,0.2,22354,Pequeno II (20k - 50k)
4115200,0.797,0.74,0.799,0.852,26792.26,0.476,2.11,28586,Pequeno II (20k - 50k)
3122603,0.745,0.682,0.753,0.8,76567.29,0.498,0.72,69467,Médio (50k - 100k)
3303302,0.751,0.689,0.759,0.806,41891.75,0.541,1.25,10011,Pequeno I (< 20k)
4212809,0.798,0.741,0.799,0.853,36524.68,0.476,1.85,64647,Médio (50k - 100k)
1721208,0.654,0.571,0.64,0.751,17737.67,0.542,2.31,1500,Pequeno I (< 20k)
2300408,0.678,0.607,0.649,0.779,30555.18,0.537,2.11,215643,Grande (100k - 500k)
2614402,0.652,0.578,0.625,0.753,22923.46,0.513,2.3,25119,Pequeno II (20k - 50k)
2304400,0.681,0.61,0.651,0.782,29096.95,0.571,3.05,15115,Pequeno I (< 20k)
2917607,0.65,0.576,0.624,0.751,23374.46,0.527,3.13,3292,Pequeno I (< 20k)
2303709,0.62,0.543,0.596,0.721,14609.34,0.551,1.88,1681,Pequeno I (< 20k)
3305752,0.786,0.727,0.79,0.841,100005.8,0.458,0.84,5979,Pequeno I (< 20k)
2304509,0.658,0.585,0.631,0.759,12234.34,0.553,1.69,5154,Pequeno I (< 20k)
4212205,0.767,0.707,0.772,0.822,30525.57,0.426,0.87,26494,Pequeno II (20k - 50k)
2611606,0.653,0.579,0.626,0.754,12665.28,0.565,1.89,17063,Pequeno I (< 20k)
2904308,0.689,0.619,0.659,0.79,23023.5,0.543,2.67,49824,Pequeno II (20k - 50k)
4101002,0.763,0.703,0.768,0.818,52824.71,0.458,0.41,8181,Pequeno I (< 20k)
2507507,0.592,0.512,0.571,0.693,14022.11,0.54,1.95,23726,Pequeno II (20k - 50k)
3127503,0.776,0.716,0.781,0.831,68477.46,0.492,2.33,10181,Pequeno I (< 20k)
2408003,0.646,0.571,0.619,0.747,25409.7,0.512,2.65,4004,Pequeno I (< 20k)
2918704,0.725,0.658,0.691,0.826,11215.82,0.567,2.45,7999,Pequeno I (< 20k)
3138203,0.75,0.688,0.758,0.805,27592.06,0.527,0.39,9808,Pequeno I (< 20k)
2208403,0.706,0.637,0.674,0.807,22048.79,0.53,2.0,11718,Pequeno I (< 20k)
4321808,0.767,0.708,0.772,0.822,80552.71,0.534,1.06,7636,Pequeno I (< 20k)
3151800,0.748,0.685,0.755,0.803,63119.92,0.551,0.44,13938,Pequeno I (< 20k)
3302858,0.802,0.745,0.805,0.857,70306.1,0.495,1.07,8946,Pequeno I (< 20k)
1718840,0.751,0.678,0.728,0.848,21585.88,0.556,1.87,2373,Pequeno I (< 20k)
4204301,0.786,0.728,0.789,0.841,31397.0,0.483,0.71,3215,Pequeno I (< 20k)
3113909,0.788,0.729,0.792,0.843,43683.72,0.507,1.16,8953,Pequeno I (< 20k)
4316402,0.813,0.758,0.813,0.868,59729.77,0.466,0.45,25060,Pequeno II (20k - 50k)
5200258,0.769,0.708,0.776,0.823,38856.25,0.501,1.31,5718,Pequeno I (< 20k)
3303500,0.735,0.671,0.744,0.79,79445.88,0.487,0.57,12894,Pequeno I (< 20k)
1500107,0.71,0.632,0.691,0.807,15288.46,0.526,2.45,51956,Médio (50k - 100k)
2613305,0.696,0.627,0.665,0.797,12373.56,0.557,2.57,27284,Pequeno II (20k - 50k)
2208650,0.657,0.583,0.63,0.758,12899.08,0.527,2.86,12429,Pequeno I (< 20k)
2918209,0.646,0.571,0.62,0.747,15780.08,0.582,1.59,13008,Pequeno I (< 20k)
2933307,0.726,0.659,0.692,0.827,8521.2,0.547,2.67,47858,Pequeno II (20k - 50k)
3106705,0.771,0.711,0.777,0.826,37934.96,0.534,0.69,17338,Pequeno I (< 20k)
5103403,0.809,0.752,0.812,0.863,27005.48,0.493,2.53,10443,Pequeno I (< 20k)
1303908,0.6,0.511,0.592,0.697,39795.59,0.531,2.91,78071,Médio (50k - 100k)
3170107,0.802,0.745,0.804,0.857,48765.36,0.486,0.52,10114,Pequeno I (< 20k)
4119905,0.769,0.709,0.773,0.824,45880.07,0.443,0.98,4921,Pequeno I (< 20k)
3129806,0.791,0.733,0.795,0.846,56081.08,0.511,0.75,47831,Pequeno II (20k - 50k)
2611101,0.728,0.662,0.694,0.829,13062.98,0.566,2.86,4472,Pequeno I (< 20k)
2913408,0.7,0.631,0.668,0.801,14409.8,0.502,1.64,5386,Pequeno I (< 20k)
4309209,0.763,0.703,0.768,0.818,33297.01,0.485,0.38,10697,Pequeno I (< 20k)
4104204,0.8,0.744,0.801,0.855,66952.85,0.462,1.2,97218,Médio (50k - 100k)
1505304,0.705,0.627,0.686,0.802,32981.76,0.575,1.81,22294,Pequeno II (20k - 50k)
2613800,0.6,0.521,0.579,0.701,18042.86,0.527,3.14,14824,Pequeno I (< 20k)
2700300,0.678,0.606,0.648,0.779,17891.08,0.538,2.71,19826,Pequeno I (< 20k)
2307809,0.696,0.626,0.665,0.797,15546.07,0.526,1.09,7588,Pequeno I (< 20k)
5002407,0.754,0.692,0.762,0.808,46647.18,0.501,2.31,18310,Pequeno I (< 20k)
2306900,0.773,0.711,0.734,0.874,18149.97,0.569,2.47,24031,Pequeno II (20k - 50k)
2903201,0.669,0.597,0.641,0.77,12625.96,0.524,2.08,23824,Pequeno II (20k - 50k)
2909604,0.694,0.625,0.663,0.795,30678.7,0.552,3.45,124399,Grande (100k - 500k)
3554201,0.742,0.679,0.751,0.797,57444.43,0.467,1.49,94965,Médio (50k - 100k)
5204805,0.776,0.716,0.782,0.83,36468.22,0.522,1.02,31743,Pequeno II (20k - 50k)
2510907,0.734,0.668,0.699,0.835,14420.86,0.493,1.71,6769,Pequeno I (< 20k)
5002704,0.74,0.677,0.75,0.794,52368.84,0.53,1.57,31483,Pequeno II (20k - 50k)
5006606,0.776,0.716,0.782,0.83,47933.73,0.508,1.84,14039,Pequeno I (< 20k)
2307254,0.636,0.56,0.61,0.737,23228.76,0.596,4.05,9908,Pequeno I (< 20k)
2311405,0.755,0.691,0.718,0.856,14686.03,0.549,3.46,7163,Pequeno I (< 20k)
2605905,0.644,0.569,0.618,0.745,17878.82,0.589,1.96,8956,Pequeno I (< 20k)
3537305,0.717,0.651,0.728,0.772,98017.82,0.528,2.1,27398,Pequeno II (20k - 50k)
3550308,0.844,0.791,0.842,0.899,48133.16,0.459,0.82,4907,Pequeno I (< 20k)
2101970,0.607,0.528,0.584,0.708,29429.4,0.54,2.24,54633,Médio (50k - 100k)
2702405,0.612,0.534,0.589,0.713,17746.95,0.565,2.89,10713,Pequeno I (< 20k)
2801009,0.697,0.627,0.666,0.798,25199.0,0.572,2.21,18102,Pequeno I (< 20k)
2900702,0.723,0.656,0.689,0.824,20181.41,0.521,1.97,21335,Pequeno II (20k - 50k)
2919926,0.644,0.569,0.618,0.745,32681.33,0.518,1.68,7665,Pequeno I (< 20k)
3547809,0.785,0.726,0.789,0.84,74987.73,0.551,0.37,14074,Pequeno I (< 20k)
5007109,0.803,0.745,0.806,0.857,25846.26,0.513,2.04,4085,Pequeno I (< 20k)
2211001,0.631,0.555,0.606,0.732,28711.4,0.524,2.54,14715,Pequeno I (< 20k)
2312700,0.63,0.554,0.605,0.731,17252.24,0.541,2.56,104133,Grande (100k - 500k)
2801306,0.622,0.545,0.598,0.723,15424.87,0.523,3.35,4027,Pequeno I (< 20k)
5007406,0.77,0.709,0.776,0.824,62461.17,0.51,1.29,48881,Pequeno II (20k - 50k)
2313351,0.632,0.556,0.607,0.733,9666.99,0.547,1.76,2168,Pequeno I (< 20k)
2919207,0.681,0.61,0.652,0.782,14432.3,0.508,2.47,23740,Pequeno II (20k - 50k)
2932903,0.608,0.529,0.585,0.709,16466.63,0.517,3.03,1500,Pequeno I (< 20k)
5003256,0.754,0.692,0.762,0.808,38319.21,0.535,1.68,39591,Pequeno II (20k - 50k)
5106109,0.764,0.703,0.771,0.818,28924.85,0.474,1.6,37592,Pequeno II (20k - 50k)
1304237,0.614,0.526,0.604,0.711,19889.62,0.575,2.15,47141,Pequeno II (20k - 50k)
2919553,0.642,0.567,0.616,0.743,28768.16,0.518,2.38,13100,Pequeno I (< 20k)
5003157,0.784,0.725,0.789,0.838,54963.52,0.562,0.74,9632,Pequeno I (< 20k)
2207900,0.617,0.54,0.594,0.718,12584.67,0.555,3.07,68640,Médio (50k - 100k)
2308906,0.612,0.534,0.589,0.713,19628.71,0.538,2.54,4208,Pequeno I (< 20k)
2703007,0.618,0.54,0.594,0.719,21614.81,0.542,2.93,39299,Pequeno II (20k - 50k)
2908408,0.645,0.57,0.619,0.746,18698.87,0.515,1.91,62759,Médio (50k - 100k)
2909901,0.694,0.624,0.663,0.795,22241.03,0.579,1.63,11840,Pequeno I (< 20k)
2925956,0.668,0.596,0.64,0.769,21826.49,0.58,2.28,39558,Pequeno II (20k - 50k)
3506003,0.7,0.632,0.712,0.755,28467.17,0.464,1.19,36501,Pequeno II (20k - 50k)
3509502,0.783,0.724,0.788,0.838,45030.59,0.494,1.93,2243,Pequeno I (< 20k)
4117701,0.837,0.785,0.835,0.892,60843.15,0.504,0.33,9451,Pequeno I (< 20k)
2610301,0.665,0.592,0.636,0.766,30636.97,0.58,2.88,25145,Pequeno II (20k - 50k)
2308104,0.725,0.658,0.69,0.826,14245.23,0.594,3.03,62781,Médio (50k - 100k)
2308500,0.648,0.574,0.622,0.749,30646.76,0.485,2.41,10946,Pequeno I (< 20k)
2907707,0.627,0.55,0.602,0.728,13802.58,0.482,2.89,62382,Médio (50k - 100k)
3131604,0.715,0.649,0.726,0.77,71806.35,0.556,1.26,3072,Pequeno I (< 20k)
3502507,0.74,0.677,0.749,0.795,48232.62,0.485,0.69,13387,Pequeno I (< 20k)
3534708,0.8,0.742,0.803,0.855,70368.91,0.502,1.71,9698,Pequeno I (< 20k)
3549904,0.732,0.668,0.742,0.787,55692.88,0.537,1.84,29686,Pequeno II (20k - 50k)
5002951,0.774,0.714,0.78,0.828,33602.42,0.528,1.55,2342,Pequeno I (< 20k)
5006200,0.723,0.658,0.735,0.777,63033.85,0.512,0.7,1500,Pequeno I (< 20k)
5003702,0.799,0.741,0.803,0.853,65388.45,0.547,1.2,4831,Pequeno I (< 20k)
2301901,0.704,0.635,0.672,0.805,11602.11,0.547,2.69,18686,Pequeno I (< 20k)
2707206,0.673,0.6,0.644,0.774,20288.58,0.49,2.97,3199,Pequeno I (< 20k)
2930105,0.662,0.589,0.634,0.763,11312.52,0.571,3.62,29340,Pequeno II (20k - 50k)
3133303,0.765,0.704,0.771,0.82,30266.14,0.474,1.29,42892,Pequeno II (20k - 50k)
3136900,0.804,0.747,0.806,0.859,76018.97,0.5,0.77,60027,Médio (50k - 100k)
3504404,0.811,0.755,0.813,0.866,81858.82,0.563,0.84,3657,Pequeno I (< 20k)
2307650,0.65,0.576,0.624,0.751,20665.17,0.524,2.16,34204,Pequeno II (20k - 50k)
2615102,0.618,0.54,0.594,0.719,27866.58,0.526,3.67,4436,Pequeno I (< 20k)
2905008,0.649,0.574,0.622,0.75,21118.3,0.548,2.06,3163,Pequeno I (< 20k)
2905156,0.633,0.557,0.608,0.734,10200.91,0.524,2.14,32281,Pequeno II (20k - 50k)
3202553,0.845,0.792,0.843,0.9,39141.94,0.501,1.76,33657,Pequeno II (20k - 50k)
5215306,0.736,0.672,0.746,0.79,88461.82,0.512,2.78,4205,Pequeno I (< 20k)
3205309,0.745,0.682,0.753,0.8,55291.87,0.582,0.2,22641,Pequeno II (20k - 50k)
5005806,0.843,0.789,0.842,0.897,47628.32,0.532,2.47,11225,Pequeno I (< 20k)
2501104,0.63,0.554,0.605,0.731,14960.75,0.533,2.58,210689,Grande (100k - 500k)
2902807,0.665,0.592,0.636,0.766,12611.12,0.566,2.5,25194,Pequeno II (20k - 50k)
2918001,0.682,0.611,0.652,0.783,21612.82,0.493,3.11,18878,Pequeno I (< 20k)
2928208,0.638,0.562,0.612,0.739,12995.33,0.571,2.57,20831,Pequeno II (20k - 50k)
2932804,0.531,0.445,0.516,0.632,21450.39,0.531,2.2,6705,Pequeno I (< 20k)
3133709,0.76,0.699,0.767,0.815,120461.15,0.508,1.12,4053,Pequeno I (< 20k)
3204401,0.763,0.701,0.769,0.818,35958.18,0.518,2.39,13191,Pequeno I (< 20k)
3539301,0.782,0.723,0.787,0.837,53470.23,0.544,2.23,9501,Pequeno I (< 20k)
3556107,0.765,0.704,0.771,0.82,103198.65,0.552,1.91,12861,Pequeno I (< 20k)
2512754,0.703,0.634,0.671,0.804,9230.48,0.525,2.18,7414,Pequeno I (< 20k)
3110608,0.75,0.688,0.758,0.805,53934.85,0.477,0.55,10378,Pequeno I (< 20k)
2501807,0.622,0.545,0.598,0.723,15302.02,0.515,2.24,49679,Pequeno II (20k - 50k)
5205497,0.71,0.643,0.722,0.764,40758.42,0.49,1.27,21485,Pequeno II (20k - 50k)
2105708,0.776,0.714,0.737,0.877,15905.05,0.585,2.36,51183,Médio (50k - 100k)
5005251,0.771,0.711,0.778,0.825,47113.58,0.481,2.23,9948,Pequeno I (< 20k)
1508001,0.669,0.587,0.654,0.766,16410.57,0.531,1.76,14790,Pequeno I (< 20k)
2201051,0.657,0.583,0.629,0.758,15556.93,0.504,2.86,15733,Pequeno I (< 20k)
2201200,0.642,0.566,0.616,0.743,20953.88,0.512,2.34,33114,Pequeno II (20k - 50k)
2926103,0.733,0.667,0.698,0.834,26707.76,0.561,1.71,4316,Pequeno I (< 20k)
2930006,0.658,0.585,0.631,0.759,14828.31,0.541,2.78,33419,Pequeno II (20k - 50k)
3524709,0.749,0.686,0.756,0.804,37562.02,0.494,1.45,81168,Médio (50k - 100k)
3536703,0.744,0.681,0.753,0.799,65865.19,0.503,1.6,7619,Pequeno I (< 20k)
5213053,0.704,0.637,0.718,0.758,36245.27,0.56,1.04,80252,Médio (50k - 100k)
2302602,0.659,0.585,0.631,0.76,13292.29,0.52,2.57,17883,Pequeno I (< 20k)
2309409,0.68,0.609,0.651,0.781,29743.94,0.505,2.95,24209,Pequeno II (20k - 50k)
5003488,0.752,0.69,0.761,0.806,37075.11,0.495,1.94,12011,Pequeno I (< 20k)
2103257,0.705,0.637,0.673,0.806,7671.33,0.516,1.7,25801,Pequeno II (20k - 50k)
2204808,0.702,0.632,0.67,0.803,18252.91,0.539,2.29,2116,Pequeno I (< 20k)
3134806,0.766,0.705,0.772,0.821,41207.29,0.474,1.26,9324,Pequeno I (< 20k)
4321451,0.833,0.78,0.831,0.888,71446.86,0.465,0.34,14291,Pequeno I (< 20k)
3162401,0.69,0.621,0.703,0.745,59689.66,0.527,1.61,33207,Pequeno II (20k - 50k)
2201988,0.654,0.581,0.627,0.755,22997.06,0.534,2.24,1658,Pequeno I (< 20k)
2312007,0.766,0.703,0.727,0.867,23226.9,0.554,2.85,4347,Pequeno I (< 20k)
2907103,0.71,0.641,0.677,0.811,12202.56,0.561,2.83,57188,Médio (50k - 100k)
2111607,0.665,0.592,0.637,0.766,17695.66,0.556,3.2,15089,Pequeno I (< 20k)
2313401,0.64,0.564,0.614,0.741,27192.53,0.583,2.76,17866,Pequeno I (< 20k)
3201308,0.761,0.699,0.767,0.816,41519.13,0.469,1.32,34327,Pequeno II (20k - 50k)
3543402,0.773,0.713,0.779,0.828,58580.07,0.533,1.91,2564,Pequeno I (< 20k)
2306108,0.694,0.624,0.663,0.795,20486.06,0.551,2.65,30338,Pequeno II (20k - 50k)
2501005,0.643,0.568,0.617,0.744,19357.48,0.567,3.16,3574,Pequeno I (< 20k)
5100201,0.739,0.676,0.749,0.793,75957.32,0.512,2.22,23279,Pequeno II (20k - 50k)
2101103,0.635,0.559,0.61,0.736,20759.3,0.542,2.27,28909,Pequeno II (20k - 50k)
2605152,0.654,0.58,0.627,0.755,14372.53,0.577,2.4,2899,Pequeno I (< 20k)
2613602,0.664,0.592,0.636,0.765,23576.26,0.535,1.62,16347,Pequeno I (< 20k)
2928802,0.666,0.593,0.637,0.767,19623.04,0.532,2.93,12542,Pequeno I (< 20k)
3108909,0.741,0.678,0.75,0.796,40936.37,0.481,0.24,49764,Pequeno II (20k - 50k)
3165305,0.752,0.69,0.76,0.807,81976.89,0.446,1.78,2994,Pequeno I (< 20k)
5007505,0.743,0.68,0.752,0.797,60993.03,0.515,2.34,9013,Pequeno I (< 20k)
2801108,0.679,0.607,0.649,0.78,12369.69,0.587,2.29,3937,Pequeno I (< 20k)
2305407,0.755,0.691,0.718,0.856,24749.47,0.542,1.41,111119,Grande (100k - 500k)
2707909,0.635,0.56,0.61,0.736,9258.22,0.511,2.16,20533,Pequeno II (20k - 50k)
2913903,0.671,0.599,0.642,0.772,25223.23,0.574,2.51,5711,Pequeno I (< 20k)
2915809,0.678,0.606,0.648,0.779,12312.69,0.545,1.1,50872,Médio (50k - 100k)
3140506,0.783,0.724,0.788,0.838,61697.34,0.485,0.77,8497,Pequeno I (< 20k)
3152204,0.762,0.7,0.768,0.817,57428.19,0.544,1.27,118756,Grande (100k - 500k)
3507209,0.773,0.713,0.778,0.828,26014.72,0.511,0.34,13334,Pequeno I (< 20k)
3555000,0.824,0.769,0.825,0.879,47147.49,0.398,1.97,4491,Pequeno I (< 20k)
2305266,0.669,0.597,0.641,0.77,27097.54,0.549,2.71,57118,Médio (50k - 100k)
2500403,0.678,0.607,0.649,0.779,16352.46,0.512,2.23,57705,Médio (50k - 100k)
2911808,0.644,0.569,0.618,0.745,12876.28,0.589,3.02,5196,Pequeno I (< 20k)
3537800,0.795,0.737,0.798,0.85,36251.59,0.478,1.39,13634,Pequeno I (< 20k)
4104907,0.737,0.674,0.744,0.792,31905.45,0.482,1.16,4554,Pequeno I (< 20k)
2304285,0.674,0.602,0.645,0.775,21295.66,0.522,2.51,3901,Pequeno I (< 20k)
3537602,0.763,0.702,0.769,0.818,87074.71,0.453,2.2,3261,Pequeno I (< 20k)
3557006,0.819,0.763,0.82,0.874,48516.89,0.474,1.55,4197,Pequeno I (< 20k)
2313609,0.618,0.541,0.595,0.719,7500.0,0.514,2.24,18695,Pequeno I (< 20k)
2109239,0.673,0.601,0.644,0.774,14001.96,0.548,3.03,21355,Pequeno II (20k - 50k)
2211407,0.605,0.526,0.583,0.706,17865.98,0.528,2.63,85099,Médio (50k - 100k)
3123403,0.735,0.67,0.744,0.79,28477.98,0.549,1.93,125802,Grande (100k - 500k)
3146107,0.739,0.675,0.748,0.794,45455.43,0.499,1.92,13851,Pequeno I (< 20k)
3161007,0.733,0.669,0.743,0.788,35355.34,0.492,0.9,3804,Pequeno I (< 20k)
3502101,0.784,0.725,0.788,0.839,91229.35,0.485,1.29,16509,Pequeno I (< 20k)
2804201,0.725,0.658,0.691,0.826,13581.19,0.529,2.33,44122,Pequeno II (20k - 50k)
3139706,0.77,0.709,0.775,0.825,77721.91,0.494,2.12,37700,Pequeno II (20k - 50k)
5005400,0.716,0.649,0.728,0.77,61843.33,0.492,1.71,17798,Pequeno I (< 20k)
2605301,0.661,0.588,0.633,0.762,27066.68,0.559,3.22,2098,Pequeno I (< 20k)
2925303,0.625,0.548,0.601,0.726,20140.74,0.534,2.26,104376,Grande (100k - 500k)
4113254,0.855,0.804,0.851,0.91,47428.87,0.513,1.48,302860,Grande (100k - 500k)
2303402,0.648,0.574,0.622,0.749,22779.99,0.565,1.56,5365,Pequeno I (< 20k)
2606804,0.643,0.568,0.617,0.744,16524.56,0.51,1.6,15742,Pequeno I (< 20k)
2610707,0.635,0.56,0.61,0.736,28109.48,0.538,3.6,165268,Grande (100k - 500k)
2700102,0.661,0.588,0.634,0.762,13526.86,0.522,2.92,9898,Pequeno I (< 20k)
2902906,0.649,0.574,0.622,0.75,36952.98,0.555,2.22,30066,Pequeno II (20k - 50k)
2904605,0.593,0.514,0.572,0.694,26831.91,0.601,2.97,11193,Pequeno I (< 20k)
2914000,0.666,0.593,0.637,0.767,15851.57,0.565,2.25,16794,Pequeno I (< 20k)
4125100,0.754,0.693,0.76,0.809,32105.3,0.533,1.89,80232,Médio (50k - 100k)
5007695,0.8,0.743,0.804,0.854,45255.63,0.472,1.24,8384,Pequeno I (< 20k)
2921005,0.677,0.605,0.648,0.778,22690.65,0.501,2.94,4019,Pequeno I (< 20k)
2926004,0.628,0.551,0.603,0.729,21737.5,0.554,3.62,6063,Pequeno I (< 20k)
3528502,0.772,0.711,0.777,0.827,51468.73,0.481,2.21,4466,Pequeno I (< 20k)
2302404,0.677,0.605,0.647,0.778,10736.94,0.566,2.96,17553,Pequeno I (< 20k)
2504603,0.71,0.641,0.677,0.811,15319.19,0.551,2.34,59328,Médio (50k - 100k)
2803500,0.718,0.651,0.685,0.819,12543.23,0.61,2.03,8118,Pequeno I (< 20k)
2910800,0.678,0.607,0.649,0.779,19894.06,0.48,2.18,75389,Médio (50k - 100k)
3165537,0.707,0.64,0.719,0.762,30683.29,0.494,0.64,7860,Pequeno I (< 20k)
2311108,0.66,0.587,0.633,0.761,15373.77,0.562,2.69,11098,Pequeno I (< 20k)
2304269,0.651,0.577,0.624,0.752,26777.34,0.513,3.46,11604,Pequeno I (< 20k)
2311801,0.673,0.601,0.644,0.774,24195.67,0.532,3.73,5204,Pequeno I (< 20k)
2924009,0.61,0.532,0.588,0.711,14579.81,0.559,2.01,25831,Pequeno II (20k - 50k)
3520103,0.851,0.798,0.848,0.906,38274.72,0.468,0.62,42258,Pequeno II (20k - 50k)
3529401,0.836,0.782,0.835,0.891,68300.62,0.524,1.04,14617,Pequeno I (< 20k)
3543006,0.782,0.722,0.786,0.837,32950.01,0.521,2.7,76776,Médio (50k - 100k)
2806701,0.56,0.477,0.543,0.661,27247.5,0.554,2.91,9134,Pequeno I (< 20k)
2613008,0.671,0.599,0.642,0.772,9062.93,0.54,2.73,47887,Pequeno II (20k - 50k)
2906501,0.704,0.635,0.672,0.805,26138.12,0.533,3.12,15041,Pequeno I (< 20k)
2918100,0.666,0.593,0.637,0.767,18565.04,0.573,2.24,9189,Pequeno I (< 20k)
3527603,0.717,0.651,0.728,0.772,53680.37,0.482,0.97,3885,Pequeno I (< 20k)
3550209,0.783,0.724,0.788,0.838,38551.12,0.507,1.72,25100,Pequeno II (20k - 50k)
2511905,0.675,0.604,0.646,0.776,17813.0,0.523,3.28,23889,Pequeno II (20k - 50k)
1100288,0.669,0.587,0.654,0.766,39089.65,0.524,1.63,8627,Pequeno I (< 20k)
2301000,0.625,0.548,0.6,0.726,19388.99,0.553,3.42,5924,Pequeno I (< 20k)
2905909,0.635,0.559,0.61,0.736,18398.79,0.493,2.89,9216,Pequeno I (< 20k)
2925501,0.719,0.652,0.686,0.82,11361.11,0.501,2.36,68591,Médio (50k - 100k)
5002209,0.725,0.66,0.736,0.779,45830.09,0.517,0.45,12887,Pequeno I (< 20k)
3165503,0.764,0.703,0.77,0.819,52333.38,0.504,1.45,2962,Pequeno I (< 20k)
2606101,0.704,0.636,0.672,0.805,24380.45,0.538,3.07,8426,Pequeno I (< 20k)
3160108,0.742,0.679,0.751,0.797,62820.05,0.409,1.44,10881,Pequeno I (< 20k)
4124509,0.724,0.66,0.733,0.779,53391.16,0.478,0.65,45367,Pequeno II (20k - 50k)
5300108,0.688,0.619,0.702,0.742,66167.76,0.534,1.5,10817,Pequeno I (< 20k)
5003504,0.738,0.675,0.748,0.792,36166.51,0.479,1.85,14875,Pequeno I (< 20k)
2614857,0.691,0.621,0.66,0.792,13193.18,0.567,2.33,21101,Pequeno II (20k - 50k)
2202208,0.63,0.554,0.606,0.731,23107.38,0.517,2.93,19820,Pequeno I (< 20k)
2511400,0.655,0.581,0.627,0.756,25527.76,0.608,2.39,17587,Pequeno I (< 20k)
2911105,0.712,0.644,0.679,0.813,16369.3,0.529,2.98,7993,Pequeno I (< 20k)
2917300,0.597,0.518,0.576,0.698,8771.63,0.538,2.0,23464,Pequeno II (20k - 50k)
2310704,0.745,0.68,0.709,0.846,12316.59,0.54,2.63,8129,Pequeno I (< 20k)
2106755,0.661,0.588,0.633,0.762,13890.96,0.555,2.86,87301,Médio (50k - 100k)
2110039,0.703,0.634,0.671,0.804,15511.14,0.54,3.0,4358,Pequeno I (< 20k)
2111300,0.694,0.625,0.663,0.795,20026.41,0.476,3.33,22993,Pequeno II (20k - 50k)
2913200,0.662,0.589,0.634,0.763,23055.7,0.509,2.56,10747,Pequeno I (< 20k)
3204906,0.819,0.763,0.82,0.874,15725.03,0.475,1.11,8784,Pequeno I (< 20k)
3515707,0.748,0.685,0.756,0.803,88807.61,0.48,1.26,40052,Pequeno II (20k - 50k)
4120804,0.812,0.756,0.812,0.867,32992.21,0.474,1.48,33275,Pequeno II (20k - 50k)
5007901,0.731,0.667,0.742,0.785,45255.05,0.469,1.11,8979,Pequeno I (< 20k)
5008305,0.802,0.744,0.805,0.856,87707.16,0.505,1.97,10170,Pequeno I (< 20k)
2310407,0.699,0.629,0.667,0.8,18330.34,0.544,2.33,2629,Pequeno I (< 20k)
3140001,0.807,0.751,0.809,0.862,36503.44,0.539,1.04,68317,Médio (50k - 100k)
3167004,0.781,0.721,0.785,0.836,38964.51,0.472,1.87,3369,Pequeno I (< 20k)
4127957,0.758,0.697,0.764,0.813,42616.41,0.493,1.48,4330,Pequeno I (< 20k)
2310258,0.66,0.587,0.632,0.761,26007.74,0.565,2.37,21715,Pequeno II (20k - 50k)
5105606,0.768,0.707,0.775,0.822,37107.31,0.524,2.01,47448,Pequeno II (20k - 50k)
2304236,0.683,0.612,0.653,0.784,13396.75,0.597,2.38,48261,Pequeno II (20k - 50k)
2701001,0.699,0.63,0.668,0.8,28633.9,0.54,1.57,25867,Pequeno II (20k - 50k)
2305209,0.634,0.558,0.609,0.735,17736.38,0.55,2.39,15321,Pequeno I (< 20k)
2604106,0.64,0.565,0.614,0.741,19598.77,0.551,1.25,13786,Pequeno I (< 20k)
2706000,0.688,0.618,0.658,0.789,15981.08,0.508,3.67,10814,Pequeno I (< 20k)
2923001,0.588,0.508,0.568,0.689,18128.21,0.512,2.04,7652,Pequeno I (< 20k)
3201704,0.79,0.732,0.794,0.845,27793.77,0.468,1.74,27026,Pequeno II (20k - 50k)
2912202,0.724,0.657,0.69,0.825,17344.17,0.599,2.56,7329,Pequeno I (< 20k)
2918357,0.715,0.648,0.682,0.816,22507.71,0.542,2.73,3745,Pequeno I (< 20k)
4116802,0.785,0.727,0.788,0.84,60487.75,0.5,0.2,37537,Pequeno II (20k - 50k)
3200102,0.714,0.647,0.725,0.769,33695.19,0.479,1.08,32696,Pequeno II (20k - 50k)
5007208,0.77,0.709,0.776,0.824,47919.78,0.512,2.14,60690,Médio (50k - 100k)
1200609,0.689,0.609,0.672,0.786,22689.26,0.487,2.19,35631,Pequeno II (20k - 50k)
3550605,0.726,0.661,0.736,0.781,41816.42,0.539,1.69,110027,Grande (100k - 500k)
5007554,0.734,0.67,0.744,0.788,66570.45,0.538,1.98,6389,Pequeno I (< 20k)
3162559,0.831,0.776,0.83,0.886,61400.56,0.514,1.27,15504,Pequeno I (< 20k)
3546603,0.768,0.707,0.774,0.823,41067.47,0.521,0.81,2231,Pequeno I (< 20k)
3554102,0.779,0.719,0.784,0.834,57497.15,0.467,1.47,1990,Pequeno I (< 20k)
4117271,0.786,0.729,0.789,0.841,73804.18,0.509,0.93,15365,Pequeno I (< 20k)
3203700,0.8,0.742,0.803,0.855,57141.34,0.446,1.38,194113,Grande (100k - 500k)
1720804,0.63,0.544,0.619,0.727,21897.43,0.516,3.68,20741,Pequeno II (20k - 50k)
2205805,0.656,0.582,0.629,0.757,16683.95,0.529,3.0,4717,Pequeno I (< 20k)
2807501,0.666,0.593,0.638,0.767,21921.7,0.551,2.19,4385,Pequeno I (< 20k)
3201209,0.719,0.653,0.73,0.774,54469.78,0.526,0.2,4629,Pequeno I (< 20k)
2706307,0.717,0.649,0.684,0.818,23476.97,0.578,2.35,7905,Pequeno I (< 20k)
1100155,0.64,0.555,0.627,0.737,19498.36,0.541,2.31,70674,Médio (50k - 100k)
2915601,0.701,0.632,0.669,0.802,26504.08,0.522,2.09,19424,Pequeno I (< 20k)
2923704,0.699,0.629,0.667,0.8,18784.62,0.555,1.97,11762,Pequeno I (< 20k)
2923803,0.695,0.626,0.664,0.796,19165.76,0.562,2.3,65436,Médio (50k - 100k)
3132503,0.742,0.679,0.751,0.797,43119.34,0.441,0.67,28058,Pequeno II (20k - 50k)
5005004,0.72,0.654,0.732,0.774,24501.58,0.49,1.44,13059,Pequeno I (< 20k)
2200053,0.689,0.618,0.658,0.79,27222.56,0.521,1.48,9193,Pequeno I (< 20k)
2208304,0.692,0.622,0.661,0.793,16974.0,0.493,3.16,86261,Médio (50k - 100k)
2304202,0.593,0.513,0.572,0.694,17829.39,0.578,2.25,20744,Pequeno II (20k - 50k)
2601300,0.596,0.516,0.575,0.697,25368.15,0.548,2.8,7484,Pequeno I (< 20k)
2805901,0.675,0.603,0.646,0.776,21180.55,0.541,2.68,14748,Pequeno I (< 20k)
3555406,0.704,0.637,0.716,0.759,56530.36,0.497,1.5,6492,Pequeno I (< 20k)
5205059,0.736,0.672,0.746,0.79,30229.73,0.457,1.42,9752,Pequeno I (< 20k)
2201929,0.629,0.553,0.604,0.73,14336.94,0.514,3.78,8031,Pequeno I (< 20k)
2205565,0.63,0.553,0.605,0.731,18171.88,0.473,3.33,20558,Pequeno II (20k - 50k)
2307106,0.661,0.588,0.633,0.762,16308.28,0.515,1.76,2880,Pequeno I (< 20k)
2601102,0.728,0.662,0.694,0.829,21669.19,0.573,2.03,37385,Pequeno II (20k - 50k)
2906873,0.699,0.63,0.668,0.8,16596.05,0.56,2.63,52675,Médio (50k - 100k)
2512705,0.652,0.578,0.625,0.753,12060.76,0.509,2.64,6976,Pequeno I (< 20k)
2603009,0.722,0.655,0.688,0.823,11936.28,0.564,2.89,54160,Médio (50k - 100k)
2112209,0.739,0.674,0.704,0.84,14753.94,0.577,2.75,73773,Médio (50k - 100k)
2206902,0.686,0.615,0.655,0.787,20090.97,0.562,2.43,36893,Pequeno II (20k - 50k)
3503208,0.742,0.679,0.751,0.797,46440.48,0.523,0.54,16715,Pequeno I (< 20k)
3505708,0.695,0.626,0.708,0.75,59414.96,0.474,1.64,1725,Pequeno I (< 20k)
2602803,0.695,0.626,0.664,0.796,15383.1,0.546,3.42,4457,Pequeno I (< 20k)
2907509,0.686,0.616,0.656,0.787,18342.55,0.544,3.19,139339,Grande (100k - 500k)
2932200,0.614,0.536,0.591,0.715,22559.71,0.547,3.02,26620,Pequeno II (20k - 50k)
5000252,0.782,0.723,0.788,0.836,28854.03,0.48,0.75,7014,Pequeno I (< 20k)
2704807,0.642,0.567,0.616,0.743,28500.96,0.584,2.81,5401,Pequeno I (< 20k)
2910701,0.673,0.601,0.644,0.774,26744.83,0.593,3.63,31080,Pequeno II (20k - 50k)
3304607,0.772,0.712,0.778,0.827,48500.68,0.519,1.31,20932,Pequeno II (20k - 50k)
3518800,0.778,0.718,0.783,0.833,37881.93,0.527,0.24,25682,Pequeno II (20k - 50k)
3526308,0.798,0.74,0.801,0.853,61731.07,0.491,2.79,17579,Pequeno I (< 20k)
3541000,0.812,0.756,0.814,0.867,61752.18,0.485,1.18,22769,Pequeno II (20k - 50k)
5101407,0.654,0.582,0.673,0.708,32766.84,0.465,0.9,11373,Pequeno I (< 20k)
2105450,0.616,0.539,0.593,0.717,15138.16,0.565,2.51,21009,Pequeno II (20k - 50k)
2614600,0.674,0.602,0.644,0.775,21270.48,0.57,2.62,5439,Pequeno I (< 20k)
3205002,0.849,0.796,0.846,0.904,37546.41,0.514,0.48,12539,Pequeno I (< 20k)
3526803,0.754,0.692,0.761,0.809,47343.04,0.513,1.37,11127,Pequeno I (< 20k)
3530508,0.776,0.716,0.781,0.831,49145.47,0.478,0.65,13952,Pequeno I (< 20k)
2311959,0.67,0.597,0.641,0.771,25878.96,0.569,2.47,5903,Pequeno I (< 20k)
2802106,0.651,0.577,0.624,0.752,14192.93,0.502,3.22,3696,Pequeno I (< 20k)
2607307,0.767,0.705,0.729,0.868,35731.94,0.545,2.8,20492,Pequeno II (20k - 50k)
3516408,0.792,0.734,0.796,0.847,34314.05,0.543,1.85,43261,Pequeno II (20k - 50k)
5000609,0.847,0.794,0.846,0.901,59180.27,0.513,1.94,4993,Pequeno I (< 20k)
2305233,0.691,0.621,0.661,0.792,10796.2,0.583,1.59,14381,Pequeno I (< 20k)
3510401,0.723,0.657,0.733,0.778,29887.83,0.504,1.54,10279,Pequeno I (< 20k)
3148103,0.816,0.76,0.817,0.871,35431.39,0.58,1.11,2822,Pequeno I (< 20k)
3153608,0.761,0.7,0.768,0.816,33783.21,0.526,1.29,30565,Pequeno II (20k - 50k)
3145109,0.78,0.721,0.785,0.835,56367.13,0.465,2.11,10691,Pequeno I (< 20k)
3145000,0.741,0.678,0.75,0.796,59579.82,0.494,0.2,29775,Pequeno II (20k - 50k)
3133758,0.836,0.782,0.835,0.891,44139.37,0.484,1.68,1500,Pequeno I (< 20k)
2105963,0.647,0.572,0.62,0.748,14387.09,0.557,3.2,11744,Pequeno I (< 20k)
4203808,0.837,0.785,0.835,0.892,39765.88,0.486,0.69,4311,Pequeno I (< 20k)
3135209,0.741,0.678,0.75,0.796,46506.5,0.449,0.92,699797,Metrópole (> 500k)
3107109,0.748,0.685,0.755,0.803,83034.73,0.472,0.79,54396,Médio (50k - 100k)
3167103,0.788,0.729,0.792,0.843,76442.64,0.468,1.68,142420,Grande (100k - 500k)
3160702,0.71,0.643,0.721,0.765,46861.9,0.529,0.2,1500,Pequeno I (< 20k)
3118809,0.827,0.772,0.827,0.882,59742.95,0.496,1.75,4527,Pequeno I (< 20k)
2933109,0.65,0.576,0.623,0.751,17638.9,0.574,2.55,12590,Pequeno I (< 20k)
2916856,0.627,0.551,0.603,0.728,26515.58,0.525,2.93,38832,Pequeno II (20k - 50k)
2207405,0.65,0.575,0.623,0.751,12289.27,0.57,2.1,12914,Pequeno I (< 20k)
2201903,0.61,0.532,0.587,0.711,22648.82,0.57,3.03,32882,Pequeno II (20k - 50k)
4311718,0.854,0.803,0.85,0.909,61357.77,0.461,1.75,8726,Pequeno I (< 20k)
4322004,0.68,0.612,0.694,0.735,42262.47,0.501,0.92,40409,Pequeno II (20k - 50k)
2918407,0.635,0.56,0.61,0.736,25068.53,0.522,1.87,13863,Pequeno I (< 20k)
2926608,0.664,0.591,0.636,0.765,13547.55,0.539,2.56,62731,Médio (50k - 100k)
2920452,0.621,0.544,0.597,0.722,27611.82,0.484,2.34,3042,Pequeno I (< 20k)
2919504,0.715,0.648,0.682,0.816,21356.71,0.533,3.56,26316,Pequeno II (20k - 50k)
3300100,0.79,0.731,0.793,0.845,53108.15,0.518,0.8,9618,Pequeno I (< 20k)
3203346,0.718,0.652,0.729,0.773,50745.72,0.485,0.85,15162,Pequeno I (< 20k)
3200136,0.714,0.648,0.725,0.769,74507.72,0.518,0.7,218313,Grande (100k - 500k)
5206206,0.72,0.655,0.732,0.774,57154.03,0.502,1.88,28013,Pequeno II (20k - 50k)
4317202,0.774,0.715,0.778,0.829,70473.12,0.522,0.77,1954,Pequeno I (< 20k)
4310207,0.787,0.729,0.789,0.842,51820.78,0.505,0.84,62032,Médio (50k - 100k)
4213104,0.718,0.653,0.727,0.773,35104.61,0.473,1.55,22735,Pequeno II (20k - 50k)
2210003,0.665,0.592,0.637,0.766,14303.91,0.546,2.41,17685,Pequeno I (< 20k)
2200251,0.667,0.594,0.638,0.768,16678.28,0.539,2.36,7372,Pequeno I (< 20k)
2207009,0.633,0.557,0.608,0.734,18309.89,0.499,2.52,3421,Pequeno I (< 20k)
2925709,0.64,0.565,0.615,0.741,19247.42,0.563,2.66,54975,Médio (50k - 100k)
1507300,0.693,0.614,0.676,0.79,21415.69,0.525,2.38,8335,Pequeno I (< 20k)
3200607,0.79,0.732,0.794,0.845,49619.13,0.506,0.2,26106,Pequeno II (20k - 50k)
3302502,0.757,0.695,0.764,0.812,81755.51,0.538,0.2,3315,Pequeno I (< 20k)
2405207,0.64,0.565,0.614,0.741,13514.48,0.565,2.43,10351,Pequeno I (< 20k)
2112100,0.669,0.597,0.641,0.77,16638.59,0.559,2.3,97083,Médio (50k - 100k)
3143401,0.783,0.724,0.788,0.838,32173.36,0.499,0.62,6548,Pequeno I (< 20k)
4209102,0.73,0.667,0.739,0.785,41043.5,0.435,1.74,49668,Pequeno II (20k - 50k)
1504901,0.629,0.543,0.618,0.726,12357.49,0.565,2.79,4428,Pequeno I (< 20k)
4110706,0.763,0.703,0.768,0.818,42423.4,0.577,1.02,4257,Pequeno I (< 20k)
4318481,0.778,0.719,0.782,0.833,53008.39,0.472,0.81,7845,Pequeno I (< 20k)
4126603,0.786,0.728,0.789,0.841,33493.72,0.441,0.39,15862,Pequeno I (< 20k)
3154507,0.728,0.663,0.738,0.783,51308.93,0.496,2.0,175940,Grande (100k - 500k)
4125506,0.699,0.633,0.711,0.754,30373.55,0.452,1.35,21079,Pequeno II (20k - 50k)
1508100,0.706,0.628,0.687,0.803,15335.34,0.537,1.75,38055,Pequeno II (20k - 50k)
2607901,0.653,0.579,0.626,0.754,18234.8,0.539,2.77,60915,Médio (50k - 100k)
4117453,0.82,0.765,0.819,0.875,58011.82,0.443,0.24,10009,Pequeno I (< 20k)
1300029,0.631,0.546,0.62,0.728,15846.34,0.544,2.38,1610,Pequeno I (< 20k)
2208858,0.645,0.571,0.619,0.746,18979.24,0.571,3.57,10509,Pequeno I (< 20k)
2708006,0.678,0.607,0.649,0.779,21066.33,0.484,2.36,90395,Médio (50k - 100k)
4215802,0.766,0.706,0.771,0.821,46614.79,0.385,1.76,33767,Pequeno II (20k - 50k)
5102504,0.794,0.736,0.799,0.848,66616.86,0.483,1.52,11949,Pequeno I (< 20k)
2205508,0.605,0.527,0.583,0.706,37862.79,0.536,2.64,15303,Pequeno I (< 20k)
3114303,0.831,0.777,0.831,0.886,74645.68,0.469,0.56,20647,Pequeno II (20k - 50k)
4313904,0.805,0.75,0.806,0.86,41997.58,0.474,1.49,7378,Pequeno I (< 20k)
5217609,0.742,0.678,0.751,0.796,67405.36,0.464,2.18,63059,Médio (50k - 100k)
3134400,0.738,0.674,0.747,0.793,30906.22,0.485,1.34,22072,Pequeno II (20k - 50k)
2312304,0.694,0.624,0.663,0.795,31087.84,0.535,2.88,10840,Pequeno I (< 20k)
3112653,0.751,0.689,0.759,0.806,25580.17,0.499,1.84,3052,Pequeno I (< 20k)
4216602,0.824,0.77,0.823,0.879,55745.58,0.479,2.23,23159,Pequeno II (20k - 50k)
2708303,0.703,0.634,0.671,0.804,19179.25,0.542,2.41,54127,Médio (50k - 100k)
4204202,0.758,0.697,0.763,0.813,31332.86,0.511,1.47,47919,Pequeno II (20k - 50k)
2202737,0.705,0.637,0.673,0.806,42899.91,0.547,3.09,18266,Pequeno I (< 20k)
5211909,0.677,0.607,0.693,0.731,43681.6,0.49,1.47,6954,Pequeno I (< 20k)
2206001,0.654,0.58,0.627,0.755,19778.12,0.52,2.18,23305,Pequeno II (20k - 50k)
3145604,0.89,0.842,0.884,0.92,54520.58,0.448,0.26,9575,Pequeno I (< 20k)
3302205,0.758,0.696,0.765,0.813,49020.11,0.488,0.96,10649,Pequeno I (< 20k)
1718204,0.668,0.586,0.653,0.765,27133.6,0.527,2.14,25921,Pequeno II (20k - 50k)
2906907,0.661,0.588,0.634,0.762,12508.05,0.542,2.65,12574,Pequeno I (< 20k)
2105351,0.69,0.62,0.66,0.791,16280.3,0.505,2.71,15328,Pequeno I (< 20k)
3120870,0.838,0.784,0.837,0.893,52249.36,0.516,0.89,36296,Pequeno II (20k - 50k)
2614204,0.671,0.599,0.643,0.772,36345.88,0.552,4.15,14059,Pequeno I (< 20k)
2614105,0.571,0.489,0.552,0.672,37394.37,0.582,2.45,41128,Pequeno II (20k - 50k)
5107602,0.704,0.636,0.717,0.758,34408.31,0.512,1.76,22300,Pequeno II (20k - 50k)
2100055,0.723,0.657,0.689,0.824,15249.85,0.626,2.74,14762,Pequeno I (< 20k)
3134202,0.7,0.633,0.713,0.755,54100.66,0.461,1.34,30185,Pequeno II (20k - 50k)
1302504,0.664,0.582,0.65,0.761,18252.25,0.503,2.53,1509,Pequeno I (< 20k)
4208401,0.708,0.642,0.718,0.763,43739.97,0.478,0.74,6584,Pequeno I (< 20k)
3133808,0.772,0.711,0.777,0.827,58774.09,0.491,0.69,23079,Pequeno II (20k - 50k)
1200401,0.716,0.639,0.696,0.813,26468.22,0.528,2.98,16520,Pequeno I (< 20k)
4208500,0.726,0.662,0.735,0.781,29240.52,0.514,1.39,13473,Pequeno I (< 20k)
4206702,0.777,0.719,0.781,0.832,87525.89,0.452,0.89,6869,Pequeno I (< 20k)
2110005,0.635,0.559,0.609,0.736,30744.33,0.54,1.31,7893,Pequeno I (< 20k)
5102637,0.777,0.717,0.783,0.831,48803.7,0.491,1.34,16051,Pequeno I (< 20k)
3547304,0.807,0.75,0.809,0.862,32175.89,0.48,0.73,30234,Pequeno II (20k - 50k)
1501956,0.697,0.618,0.679,0.794,16391.9,0.56,2.76,5346,Pequeno I (< 20k)
4320909,0.695,0.628,0.707,0.75,49437.35,0.45,1.28,14718,Pequeno I (< 20k)
3523107,0.731,0.667,0.741,0.786,45747.03,0.5,1.57,12443,Pequeno I (< 20k)
2301703,0.647,0.572,0.62,0.748,26523.42,0.541,1.91,9002,Pequeno I (< 20k)
3136652,0.762,0.7,0.768,0.817,71799.11,0.552,1.85,1500,Pequeno I (< 20k)
3524402,0.753,0.69,0.76,0.808,76803.86,0.487,0.71,72424,Médio (50k - 100k)
4104709,0.738,0.676,0.746,0.793,64329.0,0.483,1.58,23153,Pequeno II (20k - 50k)
2408102,0.673,0.601,0.644,0.774,16255.74,0.579,2.02,20957,Pequeno II (20k - 50k)
4101804,0.751,0.69,0.757,0.806,53614.09,0.475,1.55,5857,Pequeno I (< 20k)
3111408,0.767,0.706,0.773,0.822,39080.36,0.523,0.94,24607,Pequeno II (20k - 50k)
3515103,0.79,0.731,0.794,0.845,59593.57,0.491,0.29,64281,Médio (50k - 100k)
3508504,0.762,0.7,0.768,0.817,45572.11,0.492,1.2,24840,Pequeno II (20k - 50k)
1721000,0.665,0.583,0.65,0.762,10044.95,0.487,2.29,15715,Pequeno I (< 20k)
4107652,0.751,0.69,0.758,0.806,131968.34,0.518,1.87,30429,Pequeno II (20k - 50k)
4115804,0.763,0.703,0.768,0.818,46776.74,0.497,1.14,8200,Pequeno I (< 20k)
2901908,0.735,0.669,0.7,0.836,16909.14,0.528,2.49,73160,Médio (50k - 100k)
2111722,0.61,0.532,0.587,0.711,10095.56,0.561,3.22,6324,Pequeno I (< 20k)
3501608,0.802,0.745,0.805,0.857,55287.49,0.486,1.09,19063,Pequeno I (< 20k)
3510609,0.724,0.659,0.734,0.779,30578.46,0.507,1.14,26684,Pequeno II (20k - 50k)
3545209,0.74,0.676,0.748,0.795,38406.43,0.478,1.0,5422,Pequeno I (< 20k)
2922300,0.696,0.626,0.665,0.797,14768.46,0.574,2.61,43315,Pequeno II (20k - 50k)
2505204,0.611,0.533,0.588,0.712,8927.86,0.586,2.58,5615,Pequeno I (< 20k)
3111309,0.806,0.749,0.808,0.861,61883.78,0.522,1.84,45451,Pequeno II (20k - 50k)
3300605,0.725,0.66,0.735,0.78,88358.68,0.459,1.62,55973,Médio (50k - 100k)
4300604,0.754,0.693,0.76,0.809,39874.82,0.57,1.2,8858,Pequeno I (< 20k)
3548500,0.785,0.725,0.789,0.84,32745.42,0.504,0.64,15493,Pequeno I (< 20k)
2609907,0.619,0.542,0.596,0.72,18200.38,0.554,2.67,7163,Pequeno I (< 20k)
4300307,0.773,0.714,0.777,0.828,44309.15,0.425,0.77,17767,Pequeno I (< 20k)
3543303,0.771,0.711,0.777,0.826,43198.13,0.519,1.5,25693,Pequeno II (20k - 50k)
5213103,0.775,0.714,0.781,0.829,33738.17,0.471,1.19,31388,Pequeno II (20k - 50k)
2925758,0.736,0.671,0.701,0.837,20469.99,0.516,2.56,24036,Pequeno II (20k - 50k)
1506807,0.683,0.603,0.666,0.78,17604.38,0.557,2.86,19193,Pequeno I (< 20k)
2922706,0.693,0.623,0.662,0.794,10405.75,0.563,2.59,1500,Pequeno I (< 20k)
4201406,0.743,0.681,0.75,0.798,51595.54,0.463,0.2,6552,Pequeno I (< 20k)
2304657,0.676,0.604,0.646,0.777,18198.01,0.522,1.99,14699,Pequeno I (< 20k)
2305100,0.619,0.542,0.596,0.72,18665.12,0.563,2.0,26933,Pequeno II (20k - 50k)
3515004,0.755,0.693,0.763,0.81,34770.38,0.499,1.98,8108,Pequeno I (< 20k)
2703304,0.72,0.653,0.686,0.821,27579.88,0.538,1.94,5519,Pequeno I (< 20k)
2308708,0.723,0.656,0.689,0.824,15934.14,0.529,3.36,1500,Pequeno I (< 20k)
4310108,0.728,0.665,0.737,0.783,39462.48,0.475,1.37,4434,Pequeno I (< 20k)
2603702,0.697,0.627,0.665,0.798,19988.97,0.528,2.53,113043,Grande (100k - 500k)
2313757,0.688,0.617,0.657,0.789,14162.59,0.533,2.29,7726,Pequeno I (< 20k)
2706406,0.631,0.555,0.606,0.732,12257.67,0.534,1.49,4221,Pequeno I (< 20k)
3151206,0.789,0.731,0.793,0.844,34053.38,0.465,0.79,10702,Pequeno I (< 20k)
3304524,0.716,0.65,0.727,0.771,46400.13,0.493,1.69,7035,Pequeno I (< 20k)
4124053,0.748,0.687,0.755,0.803,53293.33,0.466,1.27,20026,Pequeno II (20k - 50k)
4314159,0.714,0.649,0.724,0.769,84062.81,0.513,1.73,2473,Pequeno I (< 20k)
2208601,0.679,0.608,0.65,0.78,12501.85,0.546,3.22,11875,Pequeno I (< 20k)
2507200,0.681,0.609,0.651,0.782,24781.87,0.581,3.67,17902,Pequeno I (< 20k)
5211206,0.719,0.653,0.731,0.773,54026.06,0.485,1.49,22027,Pequeno II (20k - 50k)
5108402,0.781,0.722,0.787,0.835,60218.36,0.528,1.52,24753,Pequeno II (20k - 50k)
2706901,0.664,0.591,0.636,0.765,14164.33,0.527,2.42,60515,Médio (50k - 100k)
3112604,0.844,0.79,0.842,0.899,52347.23,0.504,0.2,17701,Pequeno I (< 20k)
1302306,0.687,0.607,0.67,0.784,31504.34,0.517,3.08,36271,Pequeno II (20k - 50k)
2107506,0.671,0.599,0.642,0.772,11852.51,0.558,2.68,11538,Pequeno I (< 20k)
4119301,0.752,0.691,0.759,0.807,72541.72,0.465,0.61,128283,Grande (100k - 500k)
3121605,0.722,0.657,0.732,0.777,50577.52,0.508,1.32,105478,Grande (100k - 500k)
5101803,0.764,0.703,0.771,0.818,55381.47,0.503,1.56,34017,Pequeno II (20k - 50k)
2806602,0.652,0.578,0.625,0.753,9832.95,0.537,2.38,84550,Médio (50k - 100k)
2101772,0.639,0.564,0.613,0.74,20254.73,0.598,2.66,3445,Pequeno I (< 20k)
3157005,0.799,0.741,0.802,0.854,86902.69,0.517,1.84,5618,Pequeno I (< 20k)
4101507,0.744,0.682,0.751,0.799,47923.87,0.482,1.09,15606,Pequeno I (< 20k)
1101005,0.661,0.579,0.647,0.758,46315.19,0.548,3.36,2307,Pequeno I (< 20k)
4122701,0.715,0.65,0.725,0.77,73916.2,0.449,0.89,5516,Pequeno I (< 20k)
2312403,0.7,0.63,0.668,0.801,14090.39,0.519,2.21,26561,Pequeno II (20k - 50k)
3104007,0.679,0.609,0.693,0.734,45896.75,0.5,0.92,4001,Pequeno I (< 20k)
3139201,0.802,0.745,0.805,0.857,74658.91,0.484,1.22,2517,Pequeno I (< 20k)
4108304,0.736,0.673,0.744,0.791,47206.47,0.56,1.0,2642,Pequeno I (< 20k)
5215009,0.717,0.651,0.729,0.771,40907.1,0.524,0.69,59224,Médio (50k - 100k)
3143104,0.821,0.765,0.821,0.876,49765.75,0.536,1.34,82013,Médio (50k - 100k)
4100400,0.804,0.748,0.805,0.859,46190.54,0.479,0.2,10404,Pequeno I (< 20k)
5218508,0.793,0.735,0.797,0.847,33672.23,0.527,2.59,79012,Médio (50k - 100k)
5104104,0.712,0.645,0.724,0.766,37807.68,0.496,1.71,11630,Pequeno I (< 20k)
4119509,0.757,0.696,0.763,0.812,61449.22,0.506,0.43,39478,Pequeno II (20k - 50k)
2805604,0.688,0.617,0.657,0.789,27028.9,0.512,2.29,1500,Pequeno I (< 20k)
5107909,0.772,0.711,0.778,0.826,75821.67,0.512,1.11,7759,Pequeno I (< 20k)
3202405,0.786,0.727,0.79,0.841,87161.9,0.514,0.44,10283,Pequeno I (< 20k)
3102407,0.746,0.682,0.754,0.801,46970.63,0.45,1.6,8548,Pequeno I (< 20k)
3159605,0.767,0.706,0.773,0.822,88008.57,0.498,1.85,4028,Pequeno I (< 20k)
3203205,0.803,0.746,0.806,0.858,67150.91,0.479,0.99,35208,Pequeno II (20k - 50k)
1302702,0.649,0.565,0.635,0.746,17098.55,0.517,2.22,30496,Pequeno II (20k - 50k)
2310852,0.64,0.565,0.615,0.741,24782.78,0.563,2.21,2617,Pequeno I (< 20k)
3163102,0.76,0.699,0.767,0.815,39108.38,0.471,0.33,74843,Médio (50k - 100k)
3504008,0.77,0.709,0.775,0.825,48996.5,0.468,0.84,20217,Pequeno II (20k - 50k)
1302900,0.758,0.686,0.734,0.855,20168.54,0.499,2.99,29320,Pequeno II (20k - 50k)
3520509,0.76,0.698,0.766,0.815,33744.35,0.461,0.45,5084,Pequeno I (< 20k)
1100189,0.666,0.584,0.651,0.763,24346.87,0.481,2.76,19608,Pequeno I (< 20k)
3509700,0.798,0.74,0.8,0.853,42907.43,0.442,1.48,7228,Pequeno I (< 20k)
5002001,0.705,0.638,0.719,0.759,30376.25,0.442,1.26,45967,Pequeno II (20k - 50k)
1507904,0.718,0.641,0.698,0.815,18954.6,0.551,2.28,28656,Pequeno II (20k - 50k)
5218003,0.814,0.758,0.817,0.868,80754.66,0.5,2.09,6969,Pequeno I (< 20k)
3129707,0.748,0.685,0.756,0.803,27098.1,0.516,1.34,5522,Pequeno I (< 20k)
5004502,0.757,0.696,0.765,0.811,47845.49,0.524,1.78,31503,Pequeno II (20k - 50k)
2112233,0.683,0.612,0.653,0.784,9930.29,0.534,1.91,12893,Pequeno I (< 20k)
1303403,0.715,0.638,0.695,0.812,28763.38,0.498,3.34,7823,Pequeno I (< 20k)
3124104,0.696,0.628,0.709,0.751,46319.71,0.401,1.6,3798,Pequeno I (< 20k)
5212105,0.768,0.707,0.775,0.822,36263.0,0.479,1.16,15074,Pequeno I (< 20k)
2413300,0.653,0.579,0.626,0.754,15586.13,0.536,3.01,9380,Pequeno I (< 20k)
4304200,0.746,0.684,0.752,0.801,29542.37,0.529,0.2,5954,Pequeno I (< 20k)
4305108,0.835,0.782,0.833,0.89,23835.29,0.488,1.45,17206,Pequeno I (< 20k)
4107009,0.767,0.708,0.772,0.822,60523.98,0.492,1.52,29218,Pequeno II (20k - 50k)
4104600,0.8,0.744,0.801,0.855,25339.13,0.494,1.8,39468,Pequeno II (20k - 50k)
2310803,0.747,0.682,0.71,0.848,10564.82,0.523,2.71,15684,Pequeno I (< 20k)
3305109,0.798,0.74,0.801,0.853,41747.76,0.509,0.78,26074,Pequeno II (20k - 50k)
3525706,0.705,0.638,0.717,0.76,45459.09,0.529,1.69,20592,Pequeno II (20k - 50k)
3552205,0.688,0.619,0.702,0.743,43552.62,0.49,1.32,13695,Pequeno I (< 20k)
4320008,0.802,0.746,0.803,0.857,51219.02,0.478,1.03,12470,Pequeno I (< 20k)
3519600,0.798,0.74,0.8,0.853,57260.84,0.488,2.28,29148,Pequeno II (20k - 50k)
1504604,0.648,0.564,0.635,0.745,15427.66,0.521,3.95,53846,Médio (50k - 100k)
2314003,0.737,0.671,0.702,0.838,16033.29,0.512,1.61,128120,Grande (100k - 500k)
3526902,0.715,0.649,0.726,0.77,35192.41,0.558,0.91,16955,Pequeno I (< 20k)
2500205,0.602,0.522,0.58,0.703,20602.67,0.556,1.82,7802,Pequeno I (< 20k)
1100049,0.719,0.642,0.699,0.816,20831.6,0.498,1.31,3956,Pequeno I (< 20k)
4306403,0.728,0.665,0.737,0.783,100719.49,0.489,1.36,62777,Médio (50k - 100k)
2616407,0.589,0.509,0.569,0.69,14646.11,0.501,2.29,4924,Pequeno I (< 20k)
3513504,0.692,0.624,0.705,0.747,41260.74,0.531,1.17,9419,Pequeno I (< 20k)
3535309,0.766,0.705,0.772,0.821,48670.12,0.527,0.37,35076,Pequeno II (20k - 50k)
3522901,0.782,0.723,0.786,0.837,32576.34,0.501,0.77,67954,Médio (50k - 100k)
3525300,0.83,0.776,0.83,0.885,43022.51,0.497,1.12,1542,Pequeno I (< 20k)
5221403,0.681,0.612,0.697,0.735,53015.07,0.525,0.54,4346,Pequeno I (< 20k)
3126109,0.825,0.77,0.825,0.88,51390.67,0.497,0.72,9715,Pequeno I (< 20k)
4303707,0.805,0.749,0.806,0.86,44772.07,0.458,0.49,8345,Pequeno I (< 20k)
4207106,0.767,0.708,0.772,0.822,80768.02,0.446,0.97,7183,Pequeno I (< 20k)
4307906,0.822,0.768,0.821,0.877,50212.52,0.468,1.05,24510,Pequeno II (20k - 50k)
2305506,0.661,0.588,0.633,0.762,12516.67,0.553,1.97,78145,Médio (50k - 100k)
4314407,0.865,0.815,0.86,0.92,57023.29,0.487,1.62,42294,Pequeno II (20k - 50k)
3543105,0.821,0.765,0.821,0.876,47842.97,0.519,0.82,171042,Grande (100k - 500k)
3522604,0.778,0.718,0.783,0.833,52237.49,0.493,1.61,9397,Pequeno I (< 20k)
3522109,0.716,0.65,0.727,0.771,58015.33,0.454,0.5,51810,Médio (50k - 100k)
2411205,0.732,0.666,0.697,0.833,15354.08,0.48,3.52,25246,Pequeno II (20k - 50k)
1503606,0.69,0.61,0.672,0.787,20002.34,0.51,1.97,14983,Pequeno I (< 20k)
2612901,0.668,0.595,0.639,0.769,28477.74,0.539,2.97,5874,Pequeno I (< 20k)
5106372,0.728,0.664,0.739,0.782,92472.4,0.55,0.33,3779,Pequeno I (< 20k)
3155702,0.785,0.726,0.789,0.84,45545.36,0.522,0.59,42212,Pequeno II (20k - 50k)
3205069,0.761,0.7,0.768,0.816,57184.36,0.55,1.92,1500,Pequeno I (< 20k)
4108452,0.706,0.64,0.717,0.761,36958.97,0.526,0.3,10239,Pequeno I (< 20k)
3301900,0.724,0.659,0.735,0.779,39846.96,0.458,1.34,53468,Médio (50k - 100k)
1501808,0.631,0.545,0.619,0.728,23954.43,0.56,3.1,26517,Pequeno II (20k - 50k)
2801702,0.683,0.612,0.653,0.784,27442.0,0.582,1.65,6880,Pequeno I (< 20k)
3129301,0.772,0.711,0.777,0.827,62869.15,0.54,1.2,91684,Médio (50k - 100k)
3554508,0.766,0.705,0.772,0.821,48106.83,0.513,1.25,2094,Pequeno I (< 20k)
5108303,0.766,0.704,0.773,0.82,69271.13,0.544,1.77,57866,Médio (50k - 100k)
3137403,0.863,0.812,0.859,0.918,55767.07,0.47,0.64,8370,Pequeno I (< 20k)
2107001,0.608,0.53,0.586,0.709,16861.03,0.591,2.96,12471,Pequeno I (< 20k)
2509008,0.61,0.531,0.587,0.711,24813.92,0.558,1.91,9306,Pequeno I (< 20k)
3130200,0.749,0.686,0.757,0.804,61440.06,0.476,1.89,39338,Pequeno II (20k - 50k)
1301852,0.651,0.567,0.637,0.748,20467.64,0.517,3.5,6318,Pequeno I (< 20k)
2807105,0.671,0.599,0.643,0.772,15481.26,0.548,2.89,5150,Pequeno I (< 20k)
3151404,0.844,0.79,0.842,0.899,51277.9,0.496,1.14,10188,Pequeno I (< 20k)
1505536,0.641,0.557,0.629,0.738,13834.22,0.548,2.4,24858,Pequeno II (20k - 50k)
5001243,0.774,0.714,0.781,0.828,45605.99,0.58,0.3,15590,Pequeno I (< 20k)
2102374,0.659,0.585,0.631,0.76,13663.82,0.555,2.03,34148,Pequeno II (20k - 50k)
2104206,0.684,0.613,0.654,0.785,31794.27,0.513,2.09,14224,Pequeno I (< 20k)
2107209,0.685,0.615,0.655,0.786,35194.71,0.564,2.91,24299,Pequeno II (20k - 50k)
3101706,0.786,0.727,0.79,0.841,76690.26,0.522,1.17,32423,Pequeno II (20k - 50k)
3112703,0.796,0.738,0.799,0.851,34815.36,0.508,1.26,72548,Médio (50k - 100k)
2512408,0.608,0.53,0.586,0.709,13924.86,0.563,2.0,75170,Médio (50k - 100k)
2602001,0.683,0.612,0.653,0.784,29479.45,0.556,2.26,9832,Pequeno I (< 20k)
2103604,0.669,0.596,0.64,0.77,11421.55,0.524,2.69,38351,Pequeno II (20k - 50k)
3522307,0.732,0.668,0.741,0.787,111233.43,0.507,1.76,17009,Pequeno I (< 20k)
4123501,0.816,0.761,0.816,0.871,50097.04,0.474,0.96,9252,Pequeno I (< 20k)
3132107,0.808,0.751,0.81,0.863,31682.67,0.463,1.42,192987,Grande (100k - 500k)
3156304,0.764,0.703,0.77,0.819,45290.62,0.502,1.08,30003,Pequeno II (20k - 50k)
4323002,0.819,0.764,0.818,0.874,45066.64,0.497,0.79,1500,Pequeno I (< 20k)
3157906,0.733,0.669,0.742,0.788,43624.04,0.514,0.73,2921,Pequeno I (< 20k)
3556404,0.811,0.754,0.812,0.866,40607.4,0.51,1.17,37979,Pequeno II (20k - 50k)
3131158,0.793,0.735,0.796,0.848,39519.1,0.497,0.2,4080,Pequeno I (< 20k)
4105805,0.756,0.695,0.762,0.811,31256.54,0.489,0.2,9813,Pequeno I (< 20k)
2304103,0.58,0.499,0.56,0.681,13242.58,0.486,2.81,5225,Pequeno I (< 20k)
3139409,0.747,0.685,0.755,0.802,21767.72,0.527,0.2,68631,Médio (50k - 100k)
4317400,0.719,0.655,0.729,0.774,55130.76,0.47,1.46,22857,Pequeno II (20k - 50k)
3545308,0.824,0.768,0.824,0.879,68504.05,0.48,1.37,36898,Pequeno II (20k - 50k)
3516200,0.779,0.72,0.784,0.834,70688.94,0.481,2.07,12751,Pequeno I (< 20k)
3551801,0.782,0.722,0.786,0.837,26820.53,0.471,1.3,22579,Pequeno II (20k - 50k)
3504503,0.768,0.707,0.774,0.823,42965.88,0.475,2.04,7905,Pequeno I (< 20k)
2307635,0.656,0.582,0.629,0.757,18067.47,0.496,2.41,6621,Pequeno I (< 20k)
3504107,0.742,0.678,0.75,0.797,48810.94,0.525,0.2,12827,Pequeno I (< 20k)
1600600,0.654,0.57,0.64,0.751,33862.09,0.561,2.54,18824,Pequeno I (< 20k)
4212239,0.736,0.673,0.743,0.791,33996.3,0.525,1.28,16535,Pequeno I (< 20k)
1505486,0.663,0.581,0.649,0.76,42063.62,0.503,2.28,10365,Pequeno I (< 20k)
4103701,0.742,0.68,0.75,0.797,57061.82,0.484,0.83,6629,Pequeno I (< 20k)
2917003,0.649,0.574,0.622,0.75,22742.44,0.518,1.89,14755,Pequeno I (< 20k)
2606200,0.662,0.589,0.634,0.763,25606.09,0.547,2.45,8440,Pequeno I (< 20k)
3306206,0.757,0.695,0.764,0.812,40836.48,0.489,1.46,6819,Pequeno I (< 20k)
4115705,0.788,0.73,0.791,0.843,44846.82,0.491,1.15,10540,Pequeno I (< 20k)
5212501,0.819,0.763,0.821,0.873,80290.61,0.502,3.13,15891,Pequeno I (< 20k)
2105302,0.599,0.52,0.578,0.7,12098.29,0.519,2.46,34959,Pequeno II (20k - 50k)
3203007,0.753,0.691,0.76,0.808,65433.71,0.497,2.37,13995,Pequeno I (< 20k)
3523206,0.801,0.743,0.803,0.856,51430.55,0.468,1.3,5073,Pequeno I (< 20k)
4319356,0.734,0.671,0.742,0.789,59811.57,0.463,0.52,2751,Pequeno I (< 20k)
3526704,0.76,0.698,0.767,0.815,47133.46,0.442,0.98,5928,Pequeno I (< 20k)
3520400,0.792,0.733,0.795,0.847,68420.21,0.47,0.2,13844,Pequeno I (< 20k)
2103703,0.675,0.603,0.646,0.776,21217.06,0.484,3.24,27390,Pequeno II (20k - 50k)
4121505,0.746,0.684,0.753,0.801,70137.28,0.472,0.91,99731,Médio (50k - 100k)
5103809,0.738,0.674,0.748,0.792,45743.47,0.547,1.98,59795,Médio (50k - 100k)
3145356,0.713,0.647,0.724,0.768,33187.16,0.511,2.36,22233,Pequeno II (20k - 50k)
3141801,0.814,0.757,0.815,0.869,52987.13,0.495,1.54,20253,Pequeno II (20k - 50k)
2800308,0.601,0.522,0.579,0.702,26345.97,0.512,2.14,4240,Pequeno I (< 20k)
5102793,0.754,0.692,0.763,0.808,42064.68,0.496,1.49,39754,Pequeno II (20k - 50k)
5105580,0.752,0.689,0.76,0.806,44375.52,0.541,1.31,8303,Pequeno I (< 20k)
2709152,0.698,0.629,0.667,0.799,9675.33,0.567,1.42,42378,Pequeno II (20k - 50k)
1506138,0.638,0.553,0.626,0.735,20006.01,0.515,3.26,12834,Pequeno I (< 20k)
2112506,0.67,0.597,0.641,0.771,12197.85,0.561,2.05,9494,Pequeno I (< 20k)
5204508,0.798,0.74,0.802,0.852,40423.62,0.555,1.78,23955,Pequeno II (20k - 50k)
3171303,0.779,0.719,0.783,0.834,39901.86,0.479,0.33,26633,Pequeno II (20k - 50k)
1503903,0.691,0.611,0.673,0.788,27330.22,0.545,2.52,70403,Médio (50k - 100k)
5208004,0.667,0.596,0.684,0.721,37445.83,0.507,0.84,2752,Pequeno I (< 20k)
3304201,0.791,0.732,0.794,0.846,46735.54,0.522,1.15,24130,Pequeno II (20k - 50k)
3152105,0.748,0.686,0.756,0.803,76084.1,0.49,0.2,2177,Pequeno I (< 20k)
2616100,0.727,0.66,0.692,0.828,19963.14,0.553,1.69,44192,Pequeno II (20k - 50k)
2702207,0.678,0.606,0.648,0.779,29854.2,0.524,3.09,24287,Pequeno II (20k - 50k)
3145208,0.82,0.765,0.821,0.875,67284.4,0.446,1.36,13634,Pequeno I (< 20k)
3140100,0.791,0.732,0.794,0.846,86371.62,0.485,1.04,14231,Pequeno I (< 20k)
2102606,0.673,0.601,0.644,0.774,30833.15,0.523,2.43,18379,Pequeno I (< 20k)
4118501,0.767,0.707,0.771,0.822,30284.57,0.515,0.97,63917,Médio (50k - 100k)
3530607,0.749,0.686,0.757,0.804,32875.2,0.481,1.95,5789,Pequeno I (< 20k)
5215231,0.828,0.773,0.829,0.882,69552.62,0.49,1.59,124440,Grande (100k - 500k)
3306008,0.75,0.687,0.758,0.805,38334.67,0.479,1.22,9483,Pequeno I (< 20k)
2205953,0.676,0.604,0.647,0.777,16810.26,0.531,1.68,2932,Pequeno I (< 20k)
3542701,0.805,0.748,0.807,0.86,51018.81,0.451,1.9,1613,Pequeno I (< 20k)
1704105,0.644,0.559,0.631,0.741,10078.38,0.464,2.2,11476,Pequeno I (< 20k)
3552809,0.734,0.67,0.743,0.789,17095.89,0.503,1.46,16443,Pequeno I (< 20k)
3519709,0.724,0.659,0.734,0.779,30881.42,0.457,2.14,16302,Pequeno I (< 20k)
3301876,0.74,0.676,0.748,0.795,46265.19,0.524,1.46,25659,Pequeno II (20k - 50k)
2908606,0.649,0.575,0.623,0.75,16699.66,0.531,2.74,1558,Pequeno I (< 20k)
2507903,0.645,0.571,0.619,0.746,22473.48,0.496,3.84,6519,Pequeno I (< 20k)
1100023,0.594,0.505,0.587,0.691,15994.76,0.504,2.37,6645,Pequeno I (< 20k)
3201506,0.777,0.718,0.782,0.832,43860.49,0.524,0.95,25615,Pequeno II (20k - 50k)
1504059,0.644,0.56,0.631,0.741,28620.15,0.528,3.42,4483,Pequeno I (< 20k)
3120201,0.827,0.772,0.827,0.882,31811.57,0.512,1.62,8787,Pequeno I (< 20k)
4306908,0.764,0.704,0.769,0.819,36930.44,0.429,0.49,3373,Pequeno I (< 20k)
1101302,0.621,0.535,0.611,0.718,14772.5,0.525,2.08,22582,Pequeno II (20k - 50k)
1702158,0.64,0.556,0.628,0.737,24552.19,0.493,3.19,18176,Pequeno I (< 20k)
5107107,0.797,0.739,0.801,0.851,60063.5,0.514,1.75,95633,Médio (50k - 100k)
3170701,0.747,0.684,0.755,0.802,45755.0,0.458,1.14,12594,Pequeno I (< 20k)
2308302,0.662,0.589,0.634,0.763,23363.72,0.545,2.71,6200,Pequeno I (< 20k)
2503209,0.567,0.484,0.548,0.668,21635.25,0.492,2.06,16072,Pequeno I (< 20k)
1301704,0.699,0.621,0.681,0.796,28547.43,0.5,3.14,9768,Pequeno I (< 20k)
2101608,0.637,0.562,0.612,0.738,14339.54,0.526,2.2,26217,Pequeno II (20k - 50k)
5203302,0.755,0.693,0.764,0.809,50491.83,0.521,0.42,13169,Pequeno I (< 20k)
5005707,0.724,0.659,0.736,0.778,44412.85,0.492,2.11,38819,Pequeno II (20k - 50k)
3140308,0.804,0.747,0.807,0.859,29002.84,0.434,2.05,14150,Pequeno I (< 20k)
2102200,0.699,0.629,0.667,0.8,27155.63,0.494,2.73,23758,Pequeno II (20k - 50k)
4101408,0.77,0.711,0.775,0.825,49628.65,0.38,1.73,14522,Pequeno I (< 20k)
3139003,0.766,0.705,0.772,0.821,40657.77,0.553,1.6,54461,Médio (50k - 100k)
5001102,0.814,0.758,0.817,0.868,88938.67,0.551,2.24,12645,Pequeno I (< 20k)
5100250,0.746,0.683,0.755,0.8,42416.64,0.484,1.8,9322,Pequeno I (< 20k)
5208707,0.759,0.697,0.767,0.813,45886.63,0.502,2.37,22710,Pequeno II (20k - 50k)
2106409,0.722,0.655,0.688,0.823,12612.56,0.516,1.17,79831,Médio (50k - 100k)
1101807,0.674,0.592,0.658,0.771,38982.35,0.503,2.29,98975,Médio (50k - 100k)
3531308,0.858,0.806,0.855,0.913,68116.49,0.498,1.68,14833,Pequeno I (< 20k)
3552403,0.829,0.774,0.829,0.884,38371.68,0.505,0.66,11403,Pequeno I (< 20k)
3143450,0.758,0.696,0.764,0.813,26775.0,0.516,1.08,16286,Pequeno I (< 20k)
1508357,0.689,0.609,0.671,0.786,11167.99,0.545,2.21,10301,Pequeno I (< 20k)
4315701,0.806,0.75,0.806,0.861,46229.87,0.468,1.22,7658,Pequeno I (< 20k)
5212055,0.794,0.735,0.798,0.848,41570.59,0.518,2.41,9577,Pequeno I (< 20k)
4209300,0.697,0.631,0.709,0.752,46391.41,0.471,1.45,14512,Pequeno I (< 20k)
2303204,0.683,0.612,0.653,0.784,15182.22,0.493,1.74,9347,Pequeno I (< 20k)
3538709,0.717,0.651,0.728,0.772,63699.17,0.505,1.32,15493,Pequeno I (< 20k)
2604304,0.635,0.559,0.61,0.736,17300.61,0.52,3.72,5725,Pequeno I (< 20k)
5217203,0.729,0.664,0.74,0.783,53463.63,0.472,2.12,22079,Pequeno II (20k - 50k)
2414407,0.652,0.578,0.626,0.753,18108.19,0.531,2.23,24497,Pequeno II (20k - 50k)
3545803,0.765,0.704,0.771,0.82,32226.56,0.448,0.93,35188,Pequeno II (20k - 50k)
2602704,0.627,0.551,0.603,0.728,18216.99,0.56,2.55,5313,Pequeno I (< 20k)
2513851,0.648,0.574,0.622,0.749,19997.58,0.565,3.11,26977,Pequeno II (20k - 50k)
2103158,0.55,0.466,0.533,0.651,14125.22,0.474,3.09,4046,Pequeno I (< 20k)
3103207,0.771,0.71,0.776,0.826,45873.01,0.544,1.27,17045,Pequeno I (< 20k)
4101606,0.734,0.672,0.742,0.789,39784.86,0.518,1.34,19247,Pequeno I (< 20k)
2307304,0.677,0.605,0.648,0.778,8996.83,0.543,1.79,46955,Pequeno II (20k - 50k)
4318309,0.785,0.728,0.788,0.84,37729.5,0.522,0.98,106239,Grande (100k - 500k)
2506301,0.594,0.515,0.573,0.695,22477.56,0.549,2.16,31594,Pequeno II (20k - 50k)
2107357,0.615,0.537,0.591,0.716,33104.39,0.554,1.66,20979,Pequeno II (20k - 50k)
3126406,0.758,0.696,0.765,0.813,49397.72,0.515,1.42,13549,Pequeno I (< 20k)
2806503,0.647,0.573,0.621,0.748,37257.41,0.522,2.15,5825,Pequeno I (< 20k)
4207502,0.823,0.769,0.822,0.878,50416.45,0.456,0.91,6586,Pequeno I (< 20k)
1100148,0.682,0.601,0.665,0.779,22892.73,0.52,1.98,34971,Pequeno II (20k - 50k)
2301851,0.689,0.618,0.658,0.79,12635.68,0.511,2.68,4026,Pequeno I (< 20k)
3133402,0.822,0.767,0.823,0.877,72696.13,0.526,1.29,4291,Pequeno I (< 20k)
2108306,0.613,0.536,0.59,0.714,20403.0,0.528,3.22,16760,Pequeno I (< 20k)
2700409,0.623,0.546,0.599,0.724,19158.78,0.559,3.18,77043,Médio (50k - 100k)
3303609,0.764,0.703,0.771,0.819,66894.11,0.573,1.03,37749,Pequeno II (20k - 50k)
4214201,0.81,0.755,0.81,0.865,24733.13,0.509,1.53,38836,Pequeno II (20k - 50k)
2502300,0.655,0.582,0.628,0.756,16812.64,0.591,2.04,4500,Pequeno I (< 20k)
3164704,0.756,0.694,0.763,0.811,125569.06,0.511,0.88,6533,Pequeno I (< 20k)
2704401,0.737,0.671,0.702,0.838,9726.65,0.496,3.12,6415,Pequeno I (< 20k)
3158706,0.803,0.745,0.805,0.858,40290.16,0.526,0.2,4069,Pequeno I (< 20k)
5105150,0.772,0.711,0.778,0.826,50580.66,0.481,0.78,4134,Pequeno I (< 20k)
5101001,0.749,0.687,0.758,0.803,37251.87,0.448,2.42,22817,Pequeno II (20k - 50k)
4105508,0.784,0.726,0.787,0.839,33584.98,0.479,0.75,2508,Pequeno I (< 20k)
2111102,0.662,0.589,0.634,0.763,31682.24,0.573,2.65,47649,Pequeno II (20k - 50k)
3501905,0.778,0.718,0.783,0.833,78821.22,0.525,1.13,1500,Pequeno I (< 20k)
3519071,0.788,0.729,0.791,0.843,85516.91,0.482,1.0,5538,Pequeno I (< 20k)
3523909,0.768,0.708,0.774,0.823,65771.43,0.451,1.22,50563,Médio (50k - 100k)
3522505,0.833,0.779,0.832,0.888,36692.38,0.492,1.81,10087,Pequeno I (< 20k)
3510302,0.687,0.618,0.701,0.742,64586.77,0.512,0.77,8624,Pequeno I (< 20k)
4313375,0.889,0.842,0.882,0.92,43167.84,0.437,1.2,10194,Pequeno I (< 20k)
4114609,0.85,0.798,0.846,0.905,67094.54,0.479,0.95,3295,Pequeno I (< 20k)
2101301,0.631,0.555,0.606,0.732,19048.67,0.539,2.57,24510,Pequeno II (20k - 50k)
2904753,0.642,0.567,0.616,0.743,29359.19,0.563,3.66,2743,Pequeno I (< 20k)
4109807,0.702,0.636,0.713,0.757,96473.43,0.458,1.37,16905,Pequeno I (< 20k)
2200905,0.723,0.656,0.689,0.824,23047.71,0.548,2.42,6217,Pequeno I (< 20k)
1504208,0.665,0.583,0.65,0.762,29059.58,0.502,1.36,39647,Pequeno II (20k - 50k)
2103000,0.6,0.52,0.578,0.701,16274.37,0.55,3.37,26176,Pequeno II (20k - 50k)
4311734,0.755,0.694,0.761,0.81,29813.09,0.443,0.55,43516,Pequeno II (20k - 50k)
2602100,0.613,0.535,0.59,0.714,14715.49,0.513,2.35,108512,Grande (100k - 500k)
4309308,0.747,0.686,0.754,0.802,48491.23,0.466,1.51,2833,Pequeno I (< 20k)
3551702,0.705,0.638,0.717,0.76,26924.35,0.491,1.23,40861,Pequeno II (20k - 50k)
3163706,0.782,0.723,0.787,0.837,56687.34,0.524,2.1,8833,Pequeno I (< 20k)
4204608,0.781,0.723,0.785,0.836,37595.36,0.517,1.56,74624,Médio (50k - 100k)
3162500,0.75,0.687,0.757,0.805,38834.59,0.471,2.66,7526,Pequeno I (< 20k)
2100709,0.625,0.548,0.601,0.726,9136.49,0.514,3.36,189956,Grande (100k - 500k)
4104006,0.733,0.67,0.741,0.788,29453.8,0.467,1.04,11405,Pequeno I (< 20k)
2403251,0.65,0.576,0.624,0.751,30351.42,0.545,1.84,4119,Pequeno I (< 20k)
3304144,0.77,0.71,0.776,0.825,51538.05,0.477,1.81,11776,Pequeno I (< 20k)
4126256,0.751,0.69,0.757,0.806,33183.21,0.432,1.41,4558,Pequeno I (< 20k)
2801207,0.671,0.599,0.642,0.772,24916.78,0.564,1.82,6059,Pequeno I (< 20k)
5105903,0.756,0.694,0.764,0.81,32312.26,0.498,2.56,8279,Pequeno I (< 20k)
5107875,0.777,0.717,0.783,0.831,38689.21,0.494,1.93,20595,Pequeno II (20k - 50k)
3168606,0.7,0.632,0.713,0.755,66865.68,0.494,1.47,14554,Pequeno I (< 20k)
4105904,0.795,0.738,0.797,0.85,74039.64,0.491,0.2,19495,Pequeno I (< 20k)
1500800,0.706,0.628,0.687,0.803,26359.93,0.531,2.3,8418,Pequeno I (< 20k)
2806305,0.64,0.565,0.615,0.741,25734.32,0.542,2.57,145588,Grande (100k - 500k)
4211751,0.749,0.687,0.755,0.804,54128.05,0.457,0.64,38277,Pequeno II (20k - 50k)
3116001,0.679,0.609,0.694,0.734,58108.41,0.483,1.37,8906,Pequeno I (< 20k)
3516309,0.745,0.681,0.753,0.8,62755.56,0.481,0.74,13500,Pequeno I (< 20k)
4321105,0.781,0.723,0.785,0.836,53818.74,0.504,1.15,5868,Pequeno I (< 20k)
3546405,0.854,0.801,0.851,0.909,36322.91,0.493,1.09,18928,Pequeno I (< 20k)
2507101,0.665,0.592,0.636,0.766,33122.32,0.517,2.32,10444,Pequeno I (< 20k)
2109056,0.607,0.528,0.584,0.708,24054.99,0.546,2.15,3997,Pequeno I (< 20k)
3135100,0.71,0.643,0.721,0.765,65610.56,0.456,0.63,35769,Pequeno II (20k - 50k)
4200606,0.816,0.761,0.816,0.871,84777.13,0.467,1.48,27046,Pequeno II (20k - 50k)
2309607,0.599,0.52,0.578,0.7,14385.35,0.509,2.45,44390,Pequeno II (20k - 50k)
3203130,0.716,0.65,0.727,0.771,33197.7,0.516,1.9,34000,Pequeno II (20k - 50k)
3512902,0.765,0.704,0.771,0.82,67758.47,0.448,1.29,17366,Pequeno I (< 20k)
4322400,0.769,0.709,0.773,0.824,29414.51,0.528,2.3,13258,Pequeno I (< 20k)
4205308,0.771,0.711,0.775,0.826,56355.42,0.529,1.4,23419,Pequeno II (20k - 50k)
4103354,0.825,0.771,0.824,0.88,40442.28,0.499,1.84,11946,Pequeno I (< 20k)
2513703,0.62,0.542,0.596,0.721,19673.95,0.572,2.44,19632,Pequeno I (< 20k)
2616183,0.707,0.639,0.675,0.808,18397.7,0.573,2.01,20678,Pequeno II (20k - 50k)
2601607,0.638,0.562,0.612,0.739,13524.78,0.572,2.82,1599,Pequeno I (< 20k)
3505609,0.777,0.717,0.782,0.832,37474.11,0.472,1.31,8483,Pequeno I (< 20k)
4204152,0.82,0.765,0.819,0.875,61396.84,0.409,1.69,29647,Pequeno II (20k - 50k)
5106158,0.791,0.732,0.795,0.845,36665.16,0.501,2.52,8858,Pequeno I (< 20k)
3503901,0.845,0.791,0.843,0.9,65329.87,0.549,1.07,132689,Grande (100k - 500k)
2111789,0.682,0.611,0.652,0.783,13743.29,0.519,2.55,25413,Pequeno II (20k - 50k)
3203403,0.778,0.719,0.783,0.833,43252.63,0.55,0.88,4140,Pequeno I (< 20k)
3159357,0.665,0.594,0.681,0.72,52080.73,0.452,1.59,19010,Pequeno I (< 20k)
5214507,0.802,0.744,0.805,0.856,22957.02,0.498,1.61,4278,Pequeno I (< 20k)
1507151,0.609,0.522,0.6,0.706,26248.18,0.522,1.98,11651,Pequeno I (< 20k)
4312401,0.78,0.722,0.784,0.835,39910.35,0.483,1.41,21065,Pequeno II (20k - 50k)
2211100,0.628,0.551,0.603,0.729,14917.54,0.552,3.06,50487,Médio (50k - 100k)
3111200,0.695,0.627,0.708,0.75,44366.07,0.53,2.05,6691,Pequeno I (< 20k)
3302700,0.762,0.701,0.769,0.817,34286.32,0.463,1.54,13147,Pequeno I (< 20k)
3202801,0.731,0.666,0.74,0.786,36968.2,0.485,1.62,3734,Pequeno I (< 20k)
1501105,0.621,0.534,0.611,0.718,17493.39,0.484,2.65,3464,Pequeno I (< 20k)
2109007,0.681,0.609,0.651,0.782,18184.18,0.507,2.56,97532,Médio (50k - 100k)
2302206,0.633,0.557,0.608,0.734,13505.31,0.545,3.27,7831,Pequeno I (< 20k)
4302105,0.732,0.669,0.74,0.787,59787.72,0.469,0.98,8498,Pequeno I (< 20k)
2202117,0.708,0.639,0.675,0.809,16022.87,0.559,3.14,12144,Pequeno I (< 20k)
3103504,0.782,0.722,0.786,0.837,75800.24,0.454,0.73,47718,Pequeno II (20k - 50k)
3165701,0.777,0.717,0.782,0.832,62540.26,0.496,2.08,2637,Pequeno I (< 20k)
2308401,0.713,0.645,0.68,0.814,18193.85,0.569,2.27,1500,Pequeno I (< 20k)
5218300,0.766,0.705,0.773,0.82,39600.1,0.441,1.08,12994,Pequeno I (< 20k)
4121802,0.802,0.746,0.803,0.857,48087.17,0.49,0.32,32469,Pequeno II (20k - 50k)
1100205,0.589,0.499,0.582,0.686,21919.67,0.499,2.19,16725,Pequeno I (< 20k)
2606002,0.673,0.601,0.644,0.774,17807.29,0.535,2.15,7323,Pequeno I (< 20k)
2312106,0.629,0.552,0.604,0.73,17084.72,0.533,2.24,47672,Pequeno II (20k - 50k)
2919157,0.698,0.628,0.666,0.799,10727.76,0.527,3.37,23325,Pequeno II (20k - 50k)
