ano,id_municipio,serie,rede,taxa_alfabetizacao,media_portugues,proporcao_aluno_nivel_0,proporcao_aluno_nivel_1,proporcao_aluno_nivel_2,proporcao_aluno_nivel_3,proporcao_aluno_nivel_4,proporcao_aluno_nivel_5,proporcao_aluno_nivel_6,proporcao_aluno_nivel_7,proporcao_aluno_nivel_8
2023,1100031,2,3,69.1,767.8763,,,,,,,,,
2023,1100072,2,3,58.2,747.8918,,,,,,,,,
2023,1100189,2,5,69.73,762.4062,,,,,,,,,
2023,1101609,2,3,50.7,745.6802,,,,,,,,,
2023,1101807,2,3,55.69,752.3724,,,,,,,,,
2023,1302900,2,3,53.17,731.0744,,,,,,,,,
2023,1303304,2,2,72.32,755.225,,,,,,,,,
2023,1500107,2,5,39.73,725.5913,,,,,,,,,
2023,1501105,2,5,46.7,733.3467,,,,,,,,,
2023,1501725,2,3,73.21,758.3553,,,,,,,,,
2023,1502103,2,5,40.41,726.6077,,,,,,,,,
2023,1502855,2,5,37.54,727.9161,,,,,,,,,
2023,1503705,2,3,42.67,724.5942,,,,,,,,,
2023,1506583,2,5,53.64,741.9881,,,,,,,,,
2023,1600105,2,3,31.2,722.6519,,,,,,,,,
2023,1600600,2,3,41.76,732.3746,,,,,,,,,
2023,1600709,2,2,17.66,712.1965,,,,,,,,,
2023,1700350,2,3,95.52,786.5935,,,,,,,,,
2023,1703602,2,5,29.73,727.4654,,,,,,,,,
2023,1718006,2,5,7.57,705.1413,,,,,,,,,
2023,1722107,2,5,22,720.1447,,,,,,,,,
2023,2101301,2,3,67.67,757.3005,,,,,,,,,
2023,2101350,2,3,88.89,810.5072,,,,,,,,,
2023,2105351,2,3,86.12,787.9121,,,,,,,,,
2023,2106508,2,3,63.97,757.629,,,,,,,,,
2023,2106904,2,3,51.98,750.8178,,,,,,,,,
2023,2109759,2,3,36.45,711.2262,,,,,,,,,
2023,2111532,2,5,32.95,725.4313,,,,,,,,,
2023,2111607,2,3,71.02,769.0733,,,,,,,,,
2023,2112506,2,5,37.64,726.9909,,,,,,,,,
2023,2113009,2,3,51.04,741.5694,,,,,,,,,
2023,2203230,2,3,93.16,808.9041,,,,,,,,,
2023,2203305,2,3,70.15,765.717,,,,,,,,,
2023,2205805,2,3,51.73,743.6944,,,,,,,,,
2023,2208106,2,5,60.51,760.6756,,,,,,,,,
2023,2208551,2,3,73.86,765.0995,,,,,,,,,
2023,2209203,2,3,27.74,718.5381,,,,,,,,,
2023,2209658,2,5,33.64,721.293,,,,,,,,,
2023,2210359,2,3,100,792.3627,,,,,,,,,
2023,2210623,2,5,26,710.2858,,,,,,,,,
2023,2302305,2,5,95.85,815.6104,,,,,,,,,
2023,2307908,2,5,98.47,834.3973,,,,,,,,,
2023,2309706,2,3,76.03,778.8539,,,,,,,,,
2023,2311801,2,3,92.93,804.7985,,,,,,,,,
2023,2400802,2,5,28.34,721.9776,,,,,,,,,
2023,2401453,2,3,32.01,716.9271,,,,,,,,,
2023,2403608,2,3,48,734.4663,,,,,,,,,
2023,2404903,2,5,54.71,744.565,,,,,,,,,
2023,2405207,2,3,23.48,707.015,,,,,,,,,
2023,2407005,2,5,32.17,719.5314,,,,,,,,,
2023,2409308,2,3,32.16,709.9199,,,,,,,,,
2023,2413102,2,5,50.36,742.0955,,,,,,,,,
2023,2500734,2,5,85.27,788.2321,,,,,,,,,
2023,2501104,2,5,85.08,786.2229,,,,,,,,,
2023,2501500,2,5,51.04,745.2252,,,,,,,,,
2023,2502805,2,5,53.57,746.9037,,,,,,,,,
2023,2503902,2,3,36.34,730.7509,,,,,,,,,
2023,2505402,2,3,55.88,746.1743,,,,,,,,,
2023,2512200,2,3,47.46,742.5374,,,,,,,,,
2023,2512788,2,3,78.57,761.0831,,,,,,,,,
2023,2513406,2,3,54.82,741.915,,,,,,,,,
2023,2515609,2,3,17.39,707.061,,,,,,,,,
2023,2515906,2,5,83.64,774.1245,,,,,,,,,
2023,2606200,2,3,53.14,739.0293,,,,,,,,,
2023,2607752,2,3,77.69,771.5316,,,,,,,,,
2023,2610004,2,3,43.01,734.206,,,,,,,,,
2023,2610509,2,3,74.89,765.6972,,,,,,,,,
2023,2702405,2,5,31.11,718.3048,,,,,,,,,
2023,2703205,2,3,47.93,736.1091,,,,,,,,,
2023,2705002,2,3,40.11,731.6107,,,,,,,,,
2023,2708501,2,3,39.59,725.7126,,,,,,,,,
2023,2708709,2,3,34.51,715.3854,,,,,,,,,
2023,2803005,2,3,59.05,749.6835,,,,,,,,,
2023,2806008,2,2,46.43,735.8712,,,,,,,,,
2023,2901700,2,3,33.89,726.5598,,,,,,,,,
2023,2902302,2,5,47.9,734.6146,,,,,,,,,
2023,2903276,2,3,42.08,734.9611,,,,,,,,,
2023,2908200,2,3,31.68,726.4823,,,,,,,,,
2023,2910206,2,3,85.87,763.54,,,,,,,,,
2023,2910602,2,5,19.87,703.8273,,,,,,,,,
2023,2910727,2,3,34.62,719.3496,,,,,,,,,
2023,2910776,2,5,55.73,740.0552,,,,,,,,,
2023,2911253,2,5,60.47,750.6536,,,,,,,,,
2023,2913507,2,3,49.55,739.9796,,,,,,,,,
2023,2917003,2,3,27.79,718.1027,,,,,,,,,
2023,2917904,2,3,50.51,737.8448,,,,,,,,,
2023,2923050,2,5,21.75,714.342,,,,,,,,,
2023,2925956,2,3,48.41,733.9164,,,,,,,,,
2023,2927705,2,5,40.45,726.1732,,,,,,,,,
2023,2928802,2,5,32.65,723.4781,,,,,,,,,
2023,2930105,2,5,19.93,705.9006,,,,,,,,,
2023,2930501,2,3,25.2,714.2228,,,,,,,,,
2023,2932705,2,5,30.01,715.2062,,,,,,,,,
2023,3100609,2,2,66.7,750.1287,,,,,,,,,
2023,3101003,2,3,42.77,737.7778,,,,,,,,,
2023,3101102,2,3,48.78,739.3567,,,,,,,,,
2023,3101300,2,3,67,756.9583,,,,,,,,,
2023,3107604,2,3,51.25,750.3486,,,,,,,,,
2023,3112653,2,5,40.45,730.633,,,,,,,,,
2023,3117306,2,5,55.38,747.7502,,,,,,,,,
2023,3120839,2,5,98,798.0211,,,,,,,,,
2023,3122470,2,2,37.5,729.9237,,,,,,,,,
2023,3124401,2,5,66.49,761.8214,,,,,,,,,
2023,3125705,2,3,52.03,739.7602,,,,,,,,,
2023,3125903,2,3,38.1,739.3517,,,,,,,,,
2023,3126307,2,3,70.59,763.0085,,,,,,,,,
2023,3127354,2,5,57.14,739.0669,,,,,,,,,
2023,3129004,2,3,44.72,739.9595,,,,,,,,,
2023,3130200,2,5,68.89,764.1387,,,,,,,,,
2023,3133501,2,3,72.37,764.6406,,,,,,,,,
2023,3134004,2,5,42.04,727.692,,,,,,,,,
2023,3136702,2,2,58.62,749.7581,,,,,,,,,
2023,3138906,2,3,62.01,753.0564,,,,,,,,,
2023,3144409,2,5,70.18,757.5992,,,,,,,,,
2023,3144508,2,5,87.42,780.546,,,,,,,,,
2023,3145505,2,5,62.27,750.2377,,,,,,,,,
2023,3148004,2,2,70.81,765.8133,,,,,,,,,
2023,3154408,2,5,55.59,742.2007,,,,,,,,,
2023,3156502,2,5,100,815.0363,,,,,,,,,
2023,3157203,2,5,69.91,761.8865,,,,,,,,,
2023,3159308,2,5,41.62,726.6524,,,,,,,,,
2023,3160702,2,3,55.96,747.5819,,,,,,,,,
2023,3165537,2,5,80.06,780.0409,,,,,,,,,
2023,3165578,2,3,70.19,755.6955,,,,,,,,,
2023,3167608,2,3,65.64,753.1614,,,,,,,,,
2023,3168903,2,5,59.26,748.0746,,,,,,,,,
2023,3170305,2,3,63.7,753.3195,,,,,,,,,
2023,3170909,2,2,59.07,754.4665,,,,,,,,,
2023,3200102,2,5,87.36,783.6859,,,,,,,,,
2023,3200359,2,5,64.65,749.6946,,,,,,,,,
2023,3200805,2,3,68.83,754.4933,,,,,,,,,
2023,3201407,2,5,72.21,760.0367,,,,,,,,,
2023,3201605,2,2,78.28,764.0722,,,,,,,,,
2023,3204005,2,5,80.63,763.5738,,,,,,,,,
2023,3204302,2,5,68.35,751.6086,,,,,,,,,
2023,3204609,2,3,84.05,773.3668,,,,,,,,,
2023,3300209,2,5,50.86,738.0834,,,,,,,,,
2023,3300936,2,5,51.01,735.4343,,,,,,,,,
2023,3304102,2,5,35.38,720.5639,,,,,,,,,
2023,3502606,2,3,67.1,755.8049,,,,,,,,,
2023,3502705,2,2,54.68,737.8065,,,,,,,,,
2023,3505906,2,5,64.89,754.4875,,,,,,,,,
2023,3509106,2,3,54.71,748.8606,,,,,,,,,
2023,3512605,2,3,46.28,737.2619,,,,,,,,,
2023,3526803,2,3,61.31,753.2269,,,,,,,,,
2023,3529401,2,3,45.74,733.6155,,,,,,,,,
2023,3530508,2,2,61.41,748.585,,,,,,,,,
2023,3532207,2,3,53.17,743.1515,,,,,,,,,
2023,3534500,2,3,68.23,759.5401,,,,,,,,,
2023,3540804,2,3,60.72,751.3216,,,,,,,,,
2023,3541505,2,3,60.06,751.7854,,,,,,,,,
2023,3544251,2,2,100,829.5425,,,,,,,,,
2023,4101408,2,5,82.14,767.9827,,,,,,,,,
2023,4106506,2,5,80.52,764.3881,,,,,,,,,
2023,4107520,2,3,42.11,746.1091,,,,,,,,,
2023,4107553,2,3,75.96,763.8896,,,,,,,,,
2023,4109757,2,5,72.84,753.3648,,,,,,,,,
2023,4116208,2,5,68.42,748.6868,,,,,,,,,
2023,4116604,2,3,62.54,747.4642,,,,,,,,,
2023,4118105,2,5,83.27,768.4063,,,,,,,,,
2023,4118808,2,5,69.48,757.6207,,,,,,,,,
2023,4119905,2,5,75.79,757.4976,,,,,,,,,
2023,4126306,2,3,80.66,766.303,,,,,,,,,
2023,4127205,2,3,85.98,775.4252,,,,,,,,,
2023,4127809,2,5,91.65,777.7732,,,,,,,,,
2023,4128005,2,3,85.59,770.3063,,,,,,,,,
2023,4128559,2,3,52.37,739.311,,,,,,,,,
2023,4200507,2,3,72.27,752.3914,,,,,,,,,
2023,4201257,2,2,50,750.1157,,,,,,,,,
2023,4201901,2,3,62.58,759.2888,,,,,,,,,
2023,4203907,2,5,72.28,756.8255,,,,,,,,,
2023,4207106,2,2,38.95,723.9722,,,,,,,,,
2023,4208401,2,3,71.58,753.6581,,,,,,,,,
2023,4210035,2,5,72.91,754.9799,,,,,,,,,
2023,4210605,2,2,78.49,765.3886,,,,,,,,,
2023,4211256,2,2,55.56,737.4283,,,,,,,,,
2023,4211306,2,3,54.66,740.6933,,,,,,,,,
2023,4214300,2,3,72.73,757.1565,,,,,,,,,
2023,4214607,2,5,80.3,760.4755,,,,,,,,,
2023,4215075,2,3,83.43,769.3777,,,,,,,,,
2023,4215703,2,3,58.19,745.5532,,,,,,,,,
2023,4216503,2,5,42.08,729.6357,,,,,,,,,
2023,4217253,2,5,74.22,756.0075,,,,,,,,,
2023,4218301,2,2,68.42,760.3552,,,,,,,,,
2023,4301404,2,2,81.49,762.8438,,,,,,,,,
2023,4302154,2,3,77.2,756.0792,,,,,,,,,
2023,4302352,2,2,76.24,756.1513,,,,,,,,,
2023,4304002,2,5,66.01,742.6674,,,,,,,,,
2023,4304705,2,3,63.87,748.1466,,,,,,,,,
2023,4304952,2,5,86.13,761.6454,,,,,,,,,
2023,4305405,2,2,85.09,767.7339,,,,,,,,,
2023,4306734,2,3,76.88,767.9819,,,,,,,,,
2023,4306957,2,3,79.48,757.7439,,,,,,,,,
2023,4307906,2,5,82.8,766.1048,,,,,,,,,
2023,4309050,2,5,65.09,748.9497,,,,,,,,,
2023,4311601,2,2,88.64,778.1737,,,,,,,,,
2023,4312203,2,5,87.4,765.7571,,,,,,,,,
2023,4312252,2,3,73.26,760.7364,,,,,,,,,
2023,4313011,2,3,90.91,777.5067,,,,,,,,,
2023,4313037,2,2,90.91,764.2966,,,,,,,,,
2023,4314076,2,3,88.54,777.5594,,,,,,,,,
2023,4315057,2,3,41.07,733.5984,,,,,,,,,
2023,4315305,2,3,54.77,737.466,,,,,,,,,
2023,4315701,2,3,73.36,756.2012,,,,,,,,,
2023,4318408,2,5,76.2,755.2361,,,,,,,,,
2023,4319406,2,3,77.14,760.4451,,,,,,,,,
2023,4320263,2,3,75,758.1678,,,,,,,,,
2023,4321436,2,3,66.9,749.8817,,,,,,,,,
2023,4323200,2,3,88.92,771.8751,,,,,,,,,
2023,4323200,2,5,88.92,771.8751,,,,,,,,,
2023,4323408,2,2,78.95,775.8352,,,,,,,,,
2023,5000609,2,3,42.01,732.3475,,,,,,,,,
2023,5002001,2,5,45.7,735.6087,,,,,,,,,
2023,5004304,2,3,38.28,733.762,,,,,,,,,
2023,5101803,2,2,59.79,746.79,,,,,,,,,
2023,5108105,2,2,28.99,719.37,,,,,,,,,
2023,5201702,2,5,63.56,750.2965,,,,,,,,,
2023,5204706,2,3,73.78,756.4362,,,,,,,,,
2023,5217104,2,3,67.96,752.9316,,,,,,,,,
2023,5221304,2,3,79.46,763.3745,,,,,,,,,
2023,5221403,2,3,66.34,752.8217,,,,,,,,,
2023,5221601,2,5,70.42,755.6158,,,,,,,,,
2023,1100502,2,5,72.53,766.0655,,,,,,,,,
2023,1101492,2,3,65.79,757.1689,,,,,,,,,
2023,1300904,2,2,84.63,768.205,,,,,,,,,
2023,1301209,2,5,47.15,733.8801,,,,,,,,,
2023,1302108,2,3,77.3,764.1354,,,,,,,,,
2023,1302603,2,5,54.32,738.1944,,,,,,,,,
2023,1501105,2,3,46.7,733.3467,,,,,,,,,
2023,1501758,2,3,61.58,751.5456,,,,,,,,,
2023,1502004,2,5,57.05,742.1758,,,,,,,,,
2023,1502608,2,3,54.39,739.2356,,,,,,,,,
2023,1503044,2,5,47.77,730.7781,,,,,,,,,
2023,1701051,2,5,40.16,728.7895,,,,,,,,,
2023,1703891,2,3,34.09,733.2201,,,,,,,,,
2023,1710508,2,3,60.46,747.2837,,,,,,,,,
2023,1711902,2,5,26.02,715.7214,,,,,,,,,
2023,1712009,2,3,40.45,732.7888,,,,,,,,,
2023,1713304,2,3,52.55,744.4268,,,,,,,,,
2023,2100055,2,5,39.59,729.3262,,,,,,,,,
2023,2100501,2,5,46.76,741.0599,,,,,,,,,
2023,2101970,2,5,59.99,756.1444,,,,,,,,,
2023,2102556,2,3,64.72,757.6242,,,,,,,,,
2023,2103000,2,5,43.75,733.713,,,,,,,,,
2023,2103752,2,5,66.75,753.4875,,,,,,,,,
2023,2106631,2,5,63.8,757.6617,,,,,,,,,
2023,2111078,2,3,24.38,707.2738,,,,,,,,,
2023,2202455,2,3,65.3,758.5492,,,,,,,,,
2023,2202703,2,5,73.16,773.921,,,,,,,,,
2023,2207306,2,5,51.76,739.3877,,,,,,,,,
2023,2207355,2,3,66.01,756.7396,,,,,,,,,
2023,2210805,2,3,88.71,787.1548,,,,,,,,,
2023,2210953,2,5,68.75,755.6615,,,,,,,,,
2023,2211100,2,3,26.82,715.9677,,,,,,,,,
2023,2300903,2,3,80.8,783.8755,,,,,,,,,
2023,2301307,2,3,75.5,779.5553,,,,,,,,,
2023,2301406,2,2,46.15,720.4289,,,,,,,,,
2023,2301505,2,3,73.64,772.7966,,,,,,,,,
2023,2302404,2,3,80.04,792.1698,,,,,,,,,
2023,2303402,2,5,87.03,796.3505,,,,,,,,,
2023,2304350,2,3,100,861.4917,,,,,,,,,
2023,2306207,2,5,91.32,813.3549,,,,,,,,,
2023,2307502,2,3,75.38,779.4349,,,,,,,,,
2023,2309508,2,3,90.9,803.4065,,,,,,,,,
2023,2311504,2,5,86.21,794.5792,,,,,,,,,
2023,2311504,2,3,86.21,794.5792,,,,,,,,,
2023,2312304,2,3,96.93,830.3339,,,,,,,,,
2023,2313401,2,5,84.36,796.1294,,,,,,,,,
2023,2313559,2,5,89.24,804.8652,,,,,,,,,
2023,2400505,2,5,17.76,705.2003,,,,,,,,,
2023,2400505,2,3,17.76,705.2003,,,,,,,,,
2023,2402402,2,5,65.52,750.8845,,,,,,,,,
2023,2403103,2,3,41.2,728.6968,,,,,,,,,
2023,2409407,2,3,38.86,726.8157,,,,,,,,,
2023,2410405,2,2,40,730.1432,,,,,,,,,
2023,2410603,2,5,29.93,728.2479,,,,,,,,,
2023,2410702,2,2,14.29,704.0616,,,,,,,,,
2023,2412203,2,5,33.43,719.2292,,,,,,,,,
2023,2412708,2,2,42.86,734.4917,,,,,,,,,
2023,2414159,2,3,44.64,732.3343,,,,,,,,,
2023,2500403,2,3,38.94,729.6251,,,,,,,,,
2023,2500700,2,3,42.09,729.318,,,,,,,,,
2023,2500809,2,3,64.03,764.1987,,,,,,,,,
2023,2501609,2,5,56.39,743.1423,,,,,,,,,
2023,2504074,2,3,48.41,737.1034,,,,,,,,,
2023,2514602,2,3,11.97,695.3015,,,,,,,,,
2023,2516805,2,3,50.08,740.3484,,,,,,,,,
2023,2517407,2,5,91.18,794.0428,,,,,,,,,
2023,2600807,2,3,58.41,748.8195,,,,,,,,,
2023,2603900,2,3,91.81,781.4989,,,,,,,,,
2023,2609105,2,5,86.88,782.7165,,,,,,,,,
2023,2609907,2,5,36.16,730.2536,,,,,,,,,
2023,2611507,2,5,48.12,739.6498,,,,,,,,,
2023,2612208,2,3,75.94,761.086,,,,,,,,,
2023,2615706,2,5,82.65,774.9707,,,,,,,,,
2023,2703502,2,5,54.29,743.3947,,,,,,,,,
2023,2703759,2,5,50.22,738.427,,,,,,,,,
2023,2704807,2,5,46.59,742.3002,,,,,,,,,
2023,2705309,2,5,30.02,710.5135,,,,,,,,,
2023,2706422,2,2,27.78,706.9071,,,,,,,,,
2023,2708105,2,3,98.87,792.7793,,,,,,,,,
2023,2801405,2,5,33.52,714.9567,,,,,,,,,
2023,2804409,2,5,23.66,704.7934,,,,,,,,,
2023,2804607,2,2,46.43,718.885,,,,,,,,,
2023,2805901,2,3,11.32,681.9556,,,,,,,,,
2023,2806503,2,3,25,709.7878,,,,,,,,,
2023,2900108,2,5,34.57,727.106,,,,,,,,,
2023,2902005,2,3,41.95,721.8611,,,,,,,,,
2023,2904753,2,3,13.04,698.6102,,,,,,,,,
2023,2908507,2,5,34.3,725.7686,,,,,,,,,
2023,2913002,2,5,62.17,741.1523,,,,,,,,,
2023,2917334,2,3,49.03,737.8975,,,,,,,,,
2023,2917359,2,3,40.89,732.9008,,,,,,,,,
2023,2921401,2,3,33.73,719.9177,,,,,,,,,
2023,2921401,2,5,33.73,719.9177,,,,,,,,,
2023,2925600,2,5,21.28,709.155,,,,,,,,,
2023,2926905,2,3,36.5,722.3714,,,,,,,,,
2023,2927101,2,5,23.27,710.5706,,,,,,,,,
2023,2929354,2,5,31.3,716.9313,,,,,,,,,
2023,3101706,2,3,39.24,729.7689,,,,,,,,,
2023,3101904,2,3,42.26,729.0633,,,,,,,,,
2023,3102209,2,3,39.52,734.7779,,,,,,,,,
2023,3105905,2,3,73.7,769.1092,,,,,,,,,
2023,3108404,2,3,65.49,762.7554,,,,,,,,,
2023,3110509,2,3,54.64,745.5168,,,,,,,,,
2023,3113909,2,5,74.34,765.1196,,,,,,,,,
2023,3115706,2,3,71.27,763.7164,,,,,,,,,
2023,3117702,2,3,89.94,796.3749,,,,,,,,,
2023,3118908,2,5,65.59,761.9465,,,,,,,,,
2023,3122702,2,5,66.83,760.429,,,,,,,,,
2023,3123502,2,5,66.67,755.355,,,,,,,,,
2023,3125952,2,3,66.12,755.8692,,,,,,,,,
2023,3126802,2,5,51.82,746.3618,,,,,,,,,
2023,3128105,2,3,58.55,749.998,,,,,,,,,
2023,3134103,2,2,100,781.4752,,,,,,,,,
2023,3134806,2,5,70.85,769.5899,,,,,,,,,
2023,3136553,2,3,79.09,784.144,,,,,,,,,
2023,3136603,2,5,47.99,736.9978,,,,,,,,,
2023,3142601,2,5,62.69,753.816,,,,,,,,,
2023,3144706,2,3,60.32,752.2747,,,,,,,,,
2023,3145059,2,3,41.56,726.7719,,,,,,,,,
2023,3145208,2,5,54.95,746.3576,,,,,,,,,
2023,3145372,2,3,68.05,762.1771,,,,,,,,,
2023,3146008,2,2,80,774.7481,,,,,,,,,
2023,3146107,2,5,64.92,757.5004,,,,,,,,,
2023,3146206,2,3,51.25,746.071,,,,,,,,,
2023,3148004,2,5,70.3,764.3528,,,,,,,,,
2023,3155603,2,3,73.36,766.3998,,,,,,,,,
2023,3159605,2,2,90.34,785.9578,,,,,,,,,
2023,3159605,2,3,49.69,738.4271,,,,,,,,,
2023,3161106,2,2,45.24,726.1874,,,,,,,,,
2023,3161502,2,3,81.24,769.7774,,,,,,,,,
2023,3164407,2,3,66.97,759.1348,,,,,,,,,
2023,3164605,2,3,71.5,760.8423,,,,,,,,,
2023,3165602,2,3,42.11,731.5156,,,,,,,,,
2023,3166105,2,3,46.56,735.6782,,,,,,,,,
2023,3166501,2,2,55,752.4481,,,,,,,,,
2023,3169703,2,2,54.71,753.8359,,,,,,,,,
2023,3170206,2,2,57.02,747.6831,,,,,,,,,
2023,3170750,2,3,57.22,746.4242,,,,,,,,,
2023,3200706,2,3,74.57,766.0941,,,,,,,,,
2023,3204104,2,5,77.7,764.3476,,,,,,,,,
2023,3204559,2,2,85.48,787.563,,,,,,,,,
2023,3204559,2,3,85.82,777.4706,,,,,,,,,
2023,3300159,2,3,59.34,737.6225,,,,,,,,,
2023,3301900,2,3,51.3,735.9675,,,,,,,,,
2023,3302007,2,5,42.05,727.9405,,,,,,,,,
2023,3303500,2,3,33.23,719.388,,,,,,,,,
2023,3303955,2,3,51.35,735.3752,,,,,,,,,
2023,3305158,2,5,71.41,754.805,,,,,,,,,
2023,3501400,2,3,54.76,745.9255,,,,,,,,,
2023,3504008,2,3,43.37,729.8053,,,,,,,,,
2023,3506904,2,3,45.78,728.6558,,,,,,,,,
2023,3509809,2,3,32.08,716.8338,,,,,,,,,
2023,3513009,2,5,50.73,739.068,,,,,,,,,
2023,3515129,2,3,47.92,734.9911,,,,,,,,,
2023,3523305,2,5,57.26,745.6947,,,,,,,,,
2023,3534302,2,3,44.94,732.8171,,,,,,,,,
2023,3542800,2,3,62.9,753.9925,,,,,,,,,
2023,3543105,2,3,71.89,772.2416,,,,,,,,,
2023,3543907,2,3,50.27,737.4403,,,,,,,,,
2023,3549409,2,5,52.89,740.1102,,,,,,,,,
2023,3554508,2,3,48.35,735.2006,,,,,,,,,
2023,3555604,2,3,44.79,736.5655,,,,,,,,,
2023,3556354,2,3,74.45,774.9479,,,,,,,,,
2023,3556958,2,3,66.67,756.0597,,,,,,,,,
2023,4100103,2,3,56.08,744.9572,,,,,,,,,
2023,4102307,2,3,75.83,758.6733,,,,,,,,,
2023,4102703,2,3,62.96,747.3695,,,,,,,,,
2023,4103958,2,3,85.54,773.8713,,,,,,,,,
2023,4104204,2,3,73.34,757.5647,,,,,,,,,
2023,4104808,2,3,80.11,766.3159,,,,,,,,,
2023,4107108,2,5,72.99,755.2315,,,,,,,,,
2023,4107256,2,3,50.3,740.2799,,,,,,,,,
2023,4112306,2,3,75.69,756.2353,,,,,,,,,
2023,4114609,2,3,75.3,759.0326,,,,,,,,,
2023,4116307,2,5,53.23,751.2884,,,,,,,,,
2023,4117305,2,2,92.31,762.2789,,,,,,,,,
2023,4117305,2,3,62.63,745.2448,,,,,,,,,
2023,4118709,2,5,90.71,770.9771,,,,,,,,,
2023,4120507,2,5,51.44,733.1392,,,,,,,,,
2023,4120655,2,3,79.88,770.179,,,,,,,,,
2023,4122206,2,3,62.29,745.8263,,,,,,,,,
2023,4128633,2,3,76.32,763.5057,,,,,,,,,
2023,4201000,2,5,61.46,750.4285,,,,,,,,,
2023,4202404,2,3,63.89,749.6901,,,,,,,,,
2023,4202909,2,3,68.68,754.0229,,,,,,,,,
2023,4203600,2,5,61.52,749.4744,,,,,,,,,
2023,4205605,2,3,80.83,770.4425,,,,,,,,,
2023,4206504,2,3,70.33,754.1518,,,,,,,,,
2023,4206652,2,2,66.67,756.9114,,,,,,,,,
2023,4208104,2,5,60.94,746.0807,,,,,,,,,
2023,4209805,2,5,75,754.6501,,,,,,,,,
2023,4209904,2,2,33.33,705.9604,,,,,,,,,
2023,4212403,2,3,81.73,761.8216,,,,,,,,,
2023,4214904,2,5,78.36,761.5083,,,,,,,,,
2023,4215307,2,3,78,762.6252,,,,,,,,,
2023,4217956,2,3,79.06,763.4055,,,,,,,,,
2023,4218103,2,5,71.29,756.1372,,,,,,,,,
2023,4302105,2,5,74,758.1458,,,,,,,,,
2023,4302907,2,5,55.89,738.4535,,,,,,,,,
2023,4306106,2,5,58.96,744.5971,,,,,,,,,
2023,4307203,2,3,91.99,775.5231,,,,,,,,,
2023,4308078,2,3,80,764.3398,,,,,,,,,
2023,4308201,2,5,80.35,764.2472,,,,,,,,,
2023,4308508,2,2,83.01,769.7977,,,,,,,,,
2023,4309001,2,5,77.82,760.4885,,,,,,,,,
2023,4310306,2,2,100,774.6009,,,,,,,,,
2023,4312351,2,5,100,784.2804,,,,,,,,,
2023,4313409,2,5,62.48,745.898,,,,,,,,,
2023,4314464,2,5,74.14,757.0149,,,,,,,,,
2023,4317707,2,5,77.06,749.7694,,,,,,,,,
2023,4318002,2,3,65.4,748.853,,,,,,,,,
2023,4318622,2,3,61.59,743.0863,,,,,,,,,
2023,4319737,2,5,71.43,746.4805,,,,,,,,,
2023,4321907,2,2,73.91,760.7993,,,,,,,,,
2023,4322376,2,3,58.82,751.1606,,,,,,,,,
2023,4322855,2,5,81.25,770.1301,,,,,,,,,
2023,4323606,2,5,95.03,771.8497,,,,,,,,,
2023,5002100,2,3,43.77,731.2532,,,,,,,,,
2023,5002209,2,5,53.37,743.2975,,,,,,,,,
2023,5007935,2,3,47.5,734.3211,,,,,,,,,
2023,5008305,2,3,69.86,768.983,,,,,,,,,
2023,5100805,2,5,58.01,751.3,,,,,,,,,
2023,5101001,2,3,100,838.33,,,,,,,,,
2023,5103601,2,3,88.28,789.44,,,,,,,,,
2023,5103809,2,5,86.02,784.98,,,,,,,,,
2023,5104906,2,3,55.89,742.01,,,,,,,,,
2023,5105101,2,5,49.53,736.59,,,,,,,,,
2023,5106422,2,3,36.06,728.81,,,,,,,,,
2023,5106802,2,3,75.58,774.28,,,,,,,,,
2023,5107743,2,3,53.52,746.75,,,,,,,,,
2023,5107768,2,5,64.77,756.01,,,,,,,,,
2023,5108006,2,5,55.92,751.69,,,,,,,,,
2023,5200100,2,3,78.96,762.9923,,,,,,,,,
2023,5204102,2,5,73.19,759.0374,,,,,,,,,
2023,5205455,2,3,41.26,726.2114,,,,,,,,,
2023,5209101,2,5,68.19,748.1637,,,,,,,,,
2023,5210901,2,5,78.84,765.1904,,,,,,,,,
2023,5218706,2,5,76.56,761.5043,,,,,,,,,
2023,5219738,2,3,91.99,775.9615,,,,,,,,,
2023,5220686,2,3,86.31,769.8854,,,,,,,,,
2023,1101500,2,3,63.02,752.9469,,,,,,,,,
2023,1300201,2,5,54.2,738.6448,,,,,,,,,
2023,1300706,2,3,59.09,740.8025,,,,,,,,,
2023,1303700,2,3,59.68,742.7835,,,,,,,,,
2023,1304005,2,5,40.1,716.8745,,,,,,,,,
2023,1501402,2,3,48.22,730.4555,,,,,,,,,
2023,1505205,2,5,18.54,704.9214,,,,,,,,,
2023,1505908,2,3,72.52,759.0458,,,,,,,,,
2023,1507755,2,3,79.88,768.0657,,,,,,,,,
2023,1508100,2,3,37.28,721.3741,,,,,,,,,
2023,1600808,2,5,28.7,715.6846,,,,,,,,,
2023,1701903,2,3,38.62,730.9658,,,,,,,,,
2023,1712405,2,3,42.61,734.9916,,,,,,,,,
2023,1714302,2,3,45.94,732.4304,,,,,,,,,
2023,1722081,2,3,35.16,723.9897,,,,,,,,,
2023,2100402,2,5,90.52,783.0817,,,,,,,,,
2023,2101004,2,5,67.49,761.8071,,,,,,,,,
2023,2102705,2,5,53.04,745.7131,,,,,,,,,
2023,2106607,2,3,72.34,771.0041,,,,,,,,,
2023,2106805,2,3,91.54,782.6444,,,,,,,,,
2023,2109601,2,5,56.65,751.0781,,,,,,,,,
2023,2109759,2,5,36.45,711.2262,,,,,,,,,
2023,2201408,2,3,38.31,737.9293,,,,,,,,,
2023,2201770,2,3,58.74,747.6073,,,,,,,,,
2023,2208601,2,3,14.28,702.4371,,,,,,,,,
2023,2209872,2,3,26.94,719.0522,,,,,,,,,
2023,2210003,2,3,44.35,732.2427,,,,,,,,,
2023,2210631,2,5,93.5,782.6877,,,,,,,,,
2023,2210904,2,5,68.44,776.3475,,,,,,,,,
2023,2300309,2,5,62.63,755.5169,,,,,,,,,
2023,2304905,2,5,99.15,838.52,,,,,,,,,
2023,2306256,2,5,85.82,798.054,,,,,,,,,
2023,2308377,2,3,86.66,787.4835,,,,,,,,,
2023,2308708,2,5,71.96,769.6683,,,,,,,,,
2023,2310258,2,3,98.24,821.419,,,,,,,,,
2023,2311355,2,3,79.3,778.2736,,,,,,,,,
2023,2311702,2,5,99.52,831.7239,,,,,,,,,
2023,2401008,2,5,37.32,716.8631,,,,,,,,,
2023,2401107,2,5,49.53,743.4436,,,,,,,,,
2023,2401701,2,5,29.19,713.6115,,,,,,,,,
2023,2401859,2,3,31.2,713.2731,,,,,,,,,
2023,2403103,2,2,20,712.5788,,,,,,,,,
2023,2405207,2,2,45.45,748.879,,,,,,,,,
2023,2411205,2,5,21.32,704.6091,,,,,,,,,
2023,2412708,2,3,28.21,708.8361,,,,,,,,,
2023,2413706,2,5,28.73,709.9814,,,,,,,,,
2023,2502151,2,3,68.57,759.9679,,,,,,,,,
2023,2503001,2,5,37.78,724.3759,,,,,,,,,
2023,2503209,2,5,48.94,736.7527,,,,,,,,,
2023,2504306,2,3,55.21,742.5161,,,,,,,,,
2023,2504405,2,3,77.83,772.7035,,,,,,,,,
2023,2504900,2,2,28.57,710.5949,,,,,,,,,
2023,2505709,2,5,48.88,740.4882,,,,,,,,,
2023,2506103,2,3,60.71,741.7508,,,,,,,,,
2023,2506905,2,5,33.24,714.3547,,,,,,,,,
2023,2507903,2,3,50.41,737.3488,,,,,,,,,
2023,2508000,2,5,66.04,763.5472,,,,,,,,,
2023,2508406,2,5,20.77,716.3627,,,,,,,,,
2023,2513158,2,3,13.38,705.3538,,,,,,,,,
2023,2601003,2,3,62.05,752.5246,,,,,,,,,
2023,2602605,2,3,52.96,741.3244,,,,,,,,,
2023,2603900,2,5,91.81,781.4989,,,,,,,,,
2023,2610707,2,5,51.54,738.3329,,,,,,,,,
2023,2614808,2,3,56.04,744.1483,,,,,,,,,
2023,2700409,2,3,32.36,717.2369,,,,,,,,,
2023,2701100,2,3,76.44,760.9248,,,,,,,,,
2023,2701209,2,3,30.55,713.2199,,,,,,,,,
2023,2703403,2,5,38.18,732.1413,,,,,,,,,
2023,2703601,2,5,23.07,701.5798,,,,,,,,,
2023,2704401,2,5,40.07,727.1303,,,,,,,,,
2023,2704807,2,3,46.59,742.3002,,,,,,,,,
2023,2801900,2,5,44.12,734.2267,,,,,,,,,
2023,2803708,2,3,38.3,717.9644,,,,,,,,,
2023,2805604,2,5,25.59,701.2237,,,,,,,,,
2023,2901155,2,3,32.19,718.1304,,,,,,,,,
2023,2902807,2,3,47.58,736.5408,,,,,,,,,
2023,2908309,2,3,53.85,741.8403,,,,,,,,,
2023,2911402,2,5,35.91,721.6445,,,,,,,,,
2023,2913804,2,3,34.83,726.3542,,,,,,,,,
2023,2914109,2,3,66.75,747.9186,,,,,,,,,
2023,2915106,2,3,37.75,726.2379,,,,,,,,,
2023,2920403,2,5,39.54,727.7613,,,,,,,,,
2023,2924801,2,5,43.07,733.8389,,,,,,,,,
2023,2926202,2,3,37.21,728.2446,,,,,,,,,
2023,2928901,2,5,44.69,735.8011,,,,,,,,,
2023,2933604,2,3,31.02,719.3144,,,,,,,,,
2023,3100906,2,5,51.15,742.9352,,,,,,,,,
2023,3102209,2,5,59.37,753.7056,,,,,,,,,
2023,3104106,2,5,86.77,790.8201,,,,,,,,,
2023,3104205,2,5,78.83,771.1018,,,,,,,,,
2023,3104304,2,3,70.75,766.3222,,,,,,,,,
2023,3104908,2,3,70.29,760.0798,,,,,,,,,
2023,3108206,2,3,81.81,770.5492,,,,,,,,,
2023,3109253,2,3,100,813.2615,,,,,,,,,
2023,3114105,2,3,56.53,752.1164,,,,,,,,,
2023,3115409,2,5,59.09,743.0694,,,,,,,,,
2023,3116100,2,3,41.12,739.028,,,,,,,,,
2023,3116159,2,5,48.19,737.8769,,,,,,,,,
2023,3117603,2,3,73.98,772.8057,,,,,,,,,
2023,3117900,2,5,73.46,777.4884,,,,,,,,,
2023,3121100,2,3,63.46,751.5516,,,,,,,,,
2023,3122207,2,3,67.53,758.8212,,,,,,,,,
2023,3123205,2,3,65.78,756.5119,,,,,,,,,
2023,3124005,2,3,54.48,749.8351,,,,,,,,,
2023,3124609,2,3,87.26,768.3224,,,,,,,,,
2023,3130101,2,3,51.87,743.6566,,,,,,,,,
2023,3131901,2,3,59.98,750.1775,,,,,,,,,
2023,3133204,2,5,41.07,732.816,,,,,,,,,
2023,3134707,2,3,45.37,741.2674,,,,,,,,,
2023,3135407,2,3,67.57,762.3512,,,,,,,,,
2023,3138682,2,5,59.68,746.4643,,,,,,,,,
2023,3139003,2,5,65,756.6686,,,,,,,,,
2023,3146206,2,5,51.25,746.071,,,,,,,,,
2023,3150539,2,3,34.7,728.2144,,,,,,,,,
2023,3151206,2,3,49.51,737.8652,,,,,,,,,
2023,3153301,2,3,75.75,754.7346,,,,,,,,,
2023,3155603,2,5,74.16,770.3342,,,,,,,,,
2023,3158201,2,3,61.58,756.1665,,,,,,,,,
2023,3159308,2,3,41.62,726.6524,,,,,,,,,
2023,3160504,2,5,60,754.6973,,,,,,,,,
2023,3164704,2,5,65.48,758.08,,,,,,,,,
2023,3164803,2,3,66.67,753.6709,,,,,,,,,
2023,3164902,2,3,68.42,760.7513,,,,,,,,,
2023,3165008,2,2,95.06,796.8791,,,,,,,,,
2023,3166204,2,2,96.38,793.5687,,,,,,,,,
2023,3166709,2,5,58.13,752.1735,,,,,,,,,
2023,3168804,2,5,62.26,753.103,,,,,,,,,
2023,3170503,2,3,55.56,755.4618,,,,,,,,,
2023,3171105,2,5,97.76,804.2142,,,,,,,,,
2023,3202009,2,3,84.32,767.7812,,,,,,,,,
2023,3203130,2,3,71.84,756.0347,,,,,,,,,
2023,3204302,2,3,68.35,751.6086,,,,,,,,,
2023,3204401,2,3,78.04,766.4143,,,,,,,,,
2023,3204807,2,5,74.52,763.2589,,,,,,,,,
2023,3302106,2,5,65.31,751.5917,,,,,,,,,
2023,3303807,2,3,50.72,735.2026,,,,,,,,,
2023,3305505,2,5,63.54,747.8417,,,,,,,,,
2023,3305604,2,3,55.39,737.0142,,,,,,,,,
2023,3501103,2,3,59.64,752.9867,,,,,,,,,
2023,3505500,2,3,59.67,753.1541,,,,,,,,,
2023,3518107,2,3,66.92,763.2662,,,,,,,,,
2023,3519055,2,3,58.34,746.5759,,,,,,,,,
2023,3522604,2,5,58.07,746.3355,,,,,,,,,
2023,3522703,2,3,66.67,759.2012,,,,,,,,,
2023,3529104,2,3,93.33,775.1697,,,,,,,,,
2023,3532009,2,3,46.95,742.6701,,,,,,,,,
2023,3537206,2,3,35.12,721.6185,,,,,,,,,
2023,3539707,2,3,71.43,752.1163,,,,,,,,,
2023,3544103,2,2,46.76,733.4473,,,,,,,,,
2023,3546009,2,3,40.78,725.2205,,,,,,,,,
2023,3549003,2,2,79.17,789.5845,,,,,,,,,
2023,3556503,2,3,48.73,734.8282,,,,,,,,,
2023,4100905,2,5,71.89,756.5665,,,,,,,,,
2023,4101200,2,5,66.31,751.4321,,,,,,,,,
2023,4110102,2,3,80.43,761.1571,,,,,,,,,
2023,4113759,2,5,57.46,743.4052,,,,,,,,,
2023,4119954,2,3,71.19,755.7916,,,,,,,,,
2023,4123303,2,3,85.79,767.2389,,,,,,,,,
2023,4126504,2,3,66.76,753.2755,,,,,,,,,
2023,4127205,2,5,85.98,775.4252,,,,,,,,,
2023,4127957,2,5,70.71,759.6979,,,,,,,,,
2023,4200754,2,3,87.39,765.7441,,,,,,,,,
2023,4201109,2,5,61.48,749.1219,,,,,,,,,
2023,4202081,2,3,70.12,761.7307,,,,,,,,,
2023,4205407,2,2,47.8,737.0698,,,,,,,,,
2023,4205456,2,2,55.98,741.3102,,,,,,,,,
2023,4206652,2,5,47.81,726.2223,,,,,,,,,
2023,4207106,2,3,54.25,740.9595,,,,,,,,,
2023,4209508,2,3,64.28,750.9778,,,,,,,,,
2023,4209854,2,3,87.38,767.1784,,,,,,,,,
2023,4211603,2,5,63.57,753.385,,,,,,,,,
2023,4211900,2,5,51.42,739.1226,,,,,,,,,
2023,4213203,2,3,63.17,749.5472,,,,,,,,,
2023,4216354,2,5,55.09,747.7949,,,,,,,,,
2023,4217501,2,5,73.9,761.6522,,,,,,,,,
2023,4218905,2,3,60.18,745.9227,,,,,,,,,
2023,4219200,2,5,73.28,757.7997,,,,,,,,,
2023,4301552,2,3,86.67,766.4867,,,,,,,,,
2023,4301958,2,3,68.75,745.7095,,,,,,,,,
2023,4305124,2,3,75.07,749.1422,,,,,,,,,
2023,4305132,2,5,72.08,759.1176,,,,,,,,,
2023,4306205,2,3,68.21,756.1669,,,,,,,,,
2023,4306205,2,5,68.21,756.1669,,,,,,,,,
2023,4308003,2,5,86.45,775.4702,,,,,,,,,
2023,4311007,2,3,48.21,733.8419,,,,,,,,,
2023,4311791,2,5,67.82,763.4136,,,,,,,,,
2023,4312252,2,2,54.04,742.188,,,,,,,,,
2023,4312609,2,5,50.88,741.9059,,,,,,,,,
2023,4313359,2,5,82.57,770.2476,,,,,,,,,
2023,4314100,2,3,58.54,741.9054,,,,,,,,,
2023,4315404,2,2,75,765.6586,,,,,,,,,
2023,4315909,2,3,88.57,773.0626,,,,,,,,,
2023,4316436,2,2,90.91,768.7534,,,,,,,,,
2023,4316477,2,3,100,785.7587,,,,,,,,,
2023,4316907,2,5,64.84,747.7344,,,,,,,,,
2023,4317202,2,2,67.45,750.5421,,,,,,,,,
2023,4317251,2,3,90.91,775.6365,,,,,,,,,
2023,4320701,2,2,74.97,759.0029,,,,,,,,,
2023,4322004,2,2,71.37,754.7346,,,,,,,,,
2023,4322400,2,5,60.94,743.5921,,,,,,,,,
2023,5001508,2,5,25.95,706.3941,,,,,,,,,
2023,5003900,2,3,58.57,741.2732,,,,,,,,,
2023,5006309,2,3,30.65,713.7666,,,,,,,,,
2023,5008404,2,3,65.38,755.2566,,,,,,,,,
2023,5103056,2,3,58.39,750.96,,,,,,,,,
2023,5103056,2,5,51.33,743.67,,,,,,,,,
2023,5103452,2,3,58.18,748.4,,,,,,,,,
2023,5103700,2,5,65.18,754.2,,,,,,,,,
2023,5105101,2,2,41.4,730.69,,,,,,,,,
2023,5205513,2,5,79.53,764.3849,,,,,,,,,
2023,5209705,2,3,68.97,748.6735,,,,,,,,,
2023,5209804,2,3,68.26,760.7772,,,,,,,,,
2023,5210604,2,5,81.65,771.1195,,,,,,,,,
2023,5221452,2,3,90.94,774.4376,,,,,,,,,
2023,5222005,2,3,89.04,777.4084,,,,,,,,,
2023,1100346,2,2,39.29,728.6241,,,,,,,,,
2023,1100809,2,3,48.96,744.0355,,,,,,,,,
2023,1101435,2,3,60.65,752.4314,,,,,,,,,
2023,1300144,2,2,71.92,752.2594,,,,,,,,,
2023,1301209,2,2,56.31,742.1508,,,,,,,,,
2023,1301902,2,3,46.31,731.9141,,,,,,,,,
2023,1302009,2,2,45.49,732.8824,,,,,,,,,
2023,1302504,2,2,66.51,746.7007,,,,,,,,,
2023,1304062,2,3,41.53,727.8335,,,,,,,,,
2023,1502152,2,5,62.1,746.2473,,,,,,,,,
2023,1504422,2,5,57.34,740.0624,,,,,,,,,
2023,1506195,2,5,57.97,741.2566,,,,,,,,,
2023,1506302,2,3,51.95,735.4289,,,,,,,,,
2023,1506807,2,5,54.92,738.9022,,,,,,,,,
2023,1507300,2,3,39.67,727.6074,,,,,,,,,
2023,1507458,2,5,46.49,733.342,,,,,,,,,
2023,1701101,2,3,30.07,715.1673,,,,,,,,,
2023,1707207,2,3,48.67,736.0018,,,,,,,,,
2023,1713601,2,3,69.96,749.8955,,,,,,,,,
2023,1716109,2,5,60.56,751.5014,,,,,,,,,
2023,1718758,2,5,27.83,722.136,,,,,,,,,
2023,2102358,2,5,61.37,747.4186,,,,,,,,,
2023,2103208,2,5,47.1,738.3478,,,,,,,,,
2023,2103257,2,3,66.44,762.3772,,,,,,,,,
2023,2104800,2,3,42.36,733.5938,,,,,,,,,
2023,2105609,2,3,54.55,748.8582,,,,,,,,,
2023,2106201,2,3,76.93,777.1995,,,,,,,,,
2023,2106904,2,5,51.98,750.8178,,,,,,,,,
2023,2108207,2,5,68.1,765.8731,,,,,,,,,
2023,2108256,2,3,65.82,762.773,,,,,,,,,
2023,2108702,2,3,24.85,714.174,,,,,,,,,
2023,2109270,2,5,62.8,761.0963,,,,,,,,,
2023,2109908,2,2,61.26,765.204,,,,,,,,,
2023,2109908,2,5,47.95,740.2053,,,,,,,,,
2023,2111748,2,5,95.63,795.8547,,,,,,,,,
2023,2111904,2,3,49.97,738.3338,,,,,,,,,
2023,2200202,2,5,90.64,802.035,,,,,,,,,
2023,2201988,2,3,50.33,738.2636,,,,,,,,,
2023,2203271,2,3,16.11,701.4341,,,,,,,,,
2023,2203420,2,3,91.43,806.6037,,,,,,,,,
2023,2207405,2,3,70.83,765.4203,,,,,,,,,
2023,2207777,2,5,81.59,776.243,,,,,,,,,
2023,2304657,2,5,98.41,839.2613,,,,,,,,,
2023,2306306,2,3,90.68,801.7121,,,,,,,,,
2023,2306900,2,5,85.97,790.4814,,,,,,,,,
2023,2312700,2,5,100,819.031,,,,,,,,,
2023,2400208,2,2,35.52,718.9375,,,,,,,,,
2023,2401800,2,5,35.09,718.5092,,,,,,,,,
2023,2403806,2,2,30,719.7234,,,,,,,,,
2023,2404408,2,5,57.4,748.0342,,,,,,,,,
2023,2404903,2,2,57.89,757.9325,,,,,,,,,
2023,2407104,2,5,28.29,713.4888,,,,,,,,,
2023,2407302,2,2,23.08,714.6643,,,,,,,,,
2023,2407500,2,3,39.12,715.9805,,,,,,,,,
2023,2408201,2,2,30.63,727.1908,,,,,,,,,
2023,2410256,2,5,58.35,749.6747,,,,,,,,,
2023,2410306,2,3,29.52,715.8639,,,,,,,,,
2023,2411106,2,3,58.23,733.5103,,,,,,,,,
2023,2414456,2,5,24.71,711.3454,,,,,,,,,
2023,2500577,2,5,44.32,729.5265,,,,,,,,,
2023,2500601,2,5,57.33,743.5606,,,,,,,,,
2023,2502607,2,3,28.96,715.9436,,,,,,,,,
2023,2503308,2,5,42.05,726.9989,,,,,,,,,
2023,2503605,2,3,53.84,744.8317,,,,,,,,,
2023,2504207,2,3,32.79,713.7641,,,,,,,,,
2023,2504306,2,5,55.21,742.5161,,,,,,,,,
2023,2511905,2,5,75.96,771.918,,,,,,,,,
2023,2600054,2,3,47.44,737.9653,,,,,,,,,
2023,2602308,2,5,56.71,755.7631,,,,,,,,,
2023,2603801,2,3,50.95,733.3878,,,,,,,,,
2023,2604155,2,5,79.46,769.9315,,,,,,,,,
2023,2604502,2,3,55.33,744.9221,,,,,,,,,
2023,2606705,2,3,39.34,726.036,,,,,,,,,
2023,2608305,2,3,60.68,748.5208,,,,,,,,,
2023,2609006,2,3,72.61,765.035,,,,,,,,,
2023,2609154,2,3,56.89,752.1709,,,,,,,,,
2023,2610004,2,5,43.01,734.206,,,,,,,,,
2023,2611101,2,3,66.17,755.8114,,,,,,,,,
2023,2701605,2,3,45.5,737.4177,,,,,,,,,
2023,2705507,2,3,53.15,743.9838,,,,,,,,,
2023,2705903,2,5,88.26,773.946,,,,,,,,,
2023,2706000,2,3,50,739.4009,,,,,,,,,
2023,2800704,2,5,27.27,717.8335,,,,,,,,,
2023,2801207,2,5,22.69,702.9067,,,,,,,,,
2023,2804003,2,3,21.39,702.4329,,,,,,,,,
2023,2806404,2,3,28.89,709.8376,,,,,,,,,
2023,2901155,2,5,32.19,718.1304,,,,,,,,,
2023,2902104,2,5,20.27,709.1481,,,,,,,,,
2023,2902302,2,3,47.9,734.6146,,,,,,,,,
2023,2902658,2,5,33.07,719.4284,,,,,,,,,
2023,2902906,2,3,36.09,724.9972,,,,,,,,,
2023,2903201,2,5,37.98,728.3763,,,,,,,,,
2023,2909604,2,3,50.31,741.3349,,,,,,,,,
2023,2914505,2,5,33.6,722.0184,,,,,,,,,
2023,2921005,2,3,54.01,739.5018,,,,,,,,,
2023,2923803,2,3,51.85,736.2962,,,,,,,,,
2023,2928703,2,3,33.47,715.8678,,,,,,,,,
2023,2931350,2,3,51.85,737.919,,,,,,,,,
2023,3101607,2,3,59.05,751.209,,,,,,,,,
2023,3104601,2,3,74.88,763.5143,,,,,,,,,
2023,3106903,2,5,45.18,739.9702,,,,,,,,,
2023,3107000,2,3,88,774.2556,,,,,,,,,
2023,3112802,2,3,83.44,775.863,,,,,,,,,
2023,3116001,2,3,89.1,800.8592,,,,,,,,,
2023,3117504,2,2,63,754.602,,,,,,,,,
2023,3121258,2,3,50.98,752.8901,,,,,,,,,
2023,3122009,2,2,67.21,767.8217,,,,,,,,,
2023,3122306,2,5,69.78,762.1296,,,,,,,,,
2023,3125606,2,5,52.21,749.1304,,,,,,,,,
2023,3126505,2,2,70.83,768.9699,,,,,,,,,
2023,3126950,2,2,56.25,763.1569,,,,,,,,,
2023,3127073,2,5,43.91,729.2152,,,,,,,,,
2023,3127339,2,2,70.52,780.0987,,,,,,,,,
2023,3127404,2,5,62.15,754.7293,,,,,,,,,
2023,3127701,2,5,58.73,749.7485,,,,,,,,,
2023,3129103,2,5,76.93,771.1543,,,,,,,,,
2023,3132800,2,5,77.78,774.256,,,,,,,,,
2023,3133808,2,5,69.71,759.3421,,,,,,,,,
2023,3137536,2,3,81.75,775.8205,,,,,,,,,
2023,3145802,2,3,40,729.3539,,,,,,,,,
2023,3147303,2,5,60.77,751.3543,,,,,,,,,
2023,3148103,2,2,59.9,756.8506,,,,,,,,,
2023,3150901,2,3,66.27,752.0409,,,,,,,,,
2023,3156601,2,5,86.74,780.9577,,,,,,,,,
2023,3159803,2,3,70.78,767.7822,,,,,,,,,
2023,3162401,2,5,65.62,757.9722,,,,,,,,,
2023,3162708,2,5,70.47,766.9206,,,,,,,,,
2023,3167004,2,3,38.46,720.3807,,,,,,,,,
2023,3168408,2,2,45.9,736.5044,,,,,,,,,
2023,3202603,2,5,76.34,761.0071,,,,,,,,,
2023,3204005,2,3,83.04,764.0313,,,,,,,,,
2023,3204054,2,2,65.05,764.8331,,,,,,,,,
2023,3205150,2,5,74.58,760.3951,,,,,,,,,
2023,3304201,2,3,68.62,749.7351,,,,,,,,,
2023,3304607,2,3,64.53,746.9645,,,,,,,,,
2023,3503901,2,3,50.85,742.0344,,,,,,,,,
2023,3511409,2,3,44.01,732.7969,,,,,,,,,
2023,3513702,2,3,59.36,749.0326,,,,,,,,,
2023,3517703,2,3,67.39,766.6792,,,,,,,,,
2023,3519808,2,3,73.35,763.7386,,,,,,,,,
2023,3522208,2,5,53.44,739.6677,,,,,,,,,
2023,3522307,2,3,42.15,729.1684,,,,,,,,,
2023,3525201,2,3,48.78,735.201,,,,,,,,,
2023,3528304,2,3,84.51,795.0106,,,,,,,,,
2023,3529906,2,3,43.55,732.9141,,,,,,,,,
2023,3532868,2,3,40,741.7246,,,,,,,,,
2023,3543303,2,5,61.43,753.4225,,,,,,,,,
2023,3547650,2,3,100,831.4678,,,,,,,,,
2023,3551306,2,3,83.75,794.7251,,,,,,,,,
2023,3551801,2,3,66.79,761.4732,,,,,,,,,
2023,3552700,2,5,63.12,749.4025,,,,,,,,,
2023,4101309,2,5,91.41,767.4676,,,,,,,,,
2023,4104006,2,5,70.42,752.2106,,,,,,,,,
2023,4105805,2,5,64.92,748.6869,,,,,,,,,
2023,4107306,2,5,79.12,755.014,,,,,,,,,
2023,4112405,2,3,73.42,762.1406,,,,,,,,,
2023,4112504,2,5,61.2,745.9789,,,,,,,,,
2023,4115804,2,5,79.22,765.9548,,,,,,,,,
2023,4116604,2,5,62.54,747.4642,,,,,,,,,
2023,4117206,2,3,79.22,764.5022,,,,,,,,,
2023,4119301,2,5,61.89,747.6844,,,,,,,,,
2023,4122172,2,5,69.75,751.475,,,,,,,,,
2023,4125001,2,3,61.46,746.0972,,,,,,,,,
2023,4200309,2,5,75.87,754.5174,,,,,,,,,
2023,4200804,2,3,77.52,764.3034,,,,,,,,,
2023,4201257,2,5,62.19,746.6698,,,,,,,,,
2023,4201653,2,3,75.71,756.914,,,,,,,,,
2023,4202099,2,3,50,728.2543,,,,,,,,,
2023,4202206,2,3,61.4,748.5043,,,,,,,,,
2023,4205456,2,3,58.71,746.9239,,,,,,,,,
2023,4206652,2,3,44.44,720.7257,,,,,,,,,
2023,4206900,2,5,67.48,751.4925,,,,,,,,,
2023,4207577,2,5,74.46,756.8943,,,,,,,,,
2023,4208104,2,2,54.82,739.8106,,,,,,,,,
2023,4208807,2,2,68.07,751.3737,,,,,,,,,
2023,4209151,2,3,37.11,732.3927,,,,,,,,,
2023,4211876,2,3,70.83,744.6615,,,,,,,,,
2023,4212403,2,5,81.73,761.8216,,,,,,,,,
2023,4215505,2,5,66.38,754.3222,,,,,,,,,
2023,4215695,2,5,73.68,756.5739,,,,,,,,,
2023,4218350,2,5,68.59,753.3078,,,,,,,,,
2023,4218756,2,5,79.86,756.5547,,,,,,,,,
2023,4219176,2,5,64.13,743.2423,,,,,,,,,
2023,4300703,2,2,89.06,772.0369,,,,,,,,,
2023,4303806,2,3,91.46,781.8625,,,,,,,,,
2023,4304358,2,3,48.87,744.0348,,,,,,,,,
2023,4305801,2,2,89.68,766.0199,,,,,,,,,
2023,4306551,2,5,95.45,772.4992,,,,,,,,,
2023,4307005,2,3,61.21,744.659,,,,,,,,,
2023,4307104,2,5,63.43,751.3526,,,,,,,,,
2023,4307906,2,2,81.85,763.0201,,,,,,,,,
2023,4308904,2,3,73.54,759.5335,,,,,,,,,
2023,4309308,2,3,49.72,734.0885,,,,,,,,,
2023,4311007,2,2,83.9,761.7962,,,,,,,,,
2023,4311122,2,5,69.4,752.0427,,,,,,,,,
2023,4311775,2,2,42.6,739.0886,,,,,,,,,
2023,4313375,2,5,57.28,743.98,,,,,,,,,
2023,4313490,2,2,62.5,744.249,,,,,,,,,
2023,4314555,2,5,91.67,756.9957,,,,,,,,,
2023,4315149,2,5,87.03,766.1597,,,,,,,,,
2023,4315750,2,2,85.71,763.7899,,,,,,,,,
2023,4316956,2,5,78.3,763.8569,,,,,,,,,
2023,4317301,2,3,56.01,739.6446,,,,,,,,,
2023,4318408,2,2,73.97,755.6357,,,,,,,,,
2023,4318507,2,2,70.45,755.7428,,,,,,,,,
2023,4319356,2,5,80.67,763.4491,,,,,,,,,
2023,4322301,2,5,88.1,769.378,,,,,,,,,
2023,4322905,2,3,86.68,772.3538,,,,,,,,,
2023,4323358,2,3,71.21,755.5786,,,,,,,,,
2023,5004403,2,5,33.64,716.0745,,,,,,,,,
2023,5005400,2,3,40.62,727.7175,,,,,,,,,
2023,5104542,2,5,89,789.24,,,,,,,,,
2023,5106109,2,5,68.42,768.61,,,,,,,,,
2023,5107180,2,3,63.42,756.94,,,,,,,,,
2023,5107198,2,3,48.96,743.76,,,,,,,,,
2023,5108907,2,5,61.75,752.73,,,,,,,,,
2023,5204854,2,3,86.91,773.3519,,,,,,,,,
2023,5206503,2,3,55.88,731.3843,,,,,,,,,
2023,5206800,2,3,93.21,777.0055,,,,,,,,,
2023,5206909,2,5,87.08,761.8273,,,,,,,,,
2023,5213756,2,5,65.97,748.6449,,,,,,,,,
2023,5220009,2,5,81.82,767.3783,,,,,,,,,
2023,1100346,2,5,33.55,724.0782,,,,,,,,,
2023,1301951,2,2,96.73,778.1491,,,,,,,,,
2023,1303007,2,2,73.21,754.1621,,,,,,,,,
2023,1500958,2,3,33.96,723.095,,,,,,,,,
2023,1504752,2,3,55.19,740.0116,,,,,,,,,
2023,1504901,2,5,36.17,722.9622,,,,,,,,,
2023,1506401,2,5,49.87,738.79,,,,,,,,,
2023,1507201,2,5,31.2,721.3038,,,,,,,,,
2023,1600253,2,2,100,809.8865,,,,,,,,,
2023,1600303,2,3,43.33,734.2328,,,,,,,,,
2023,1701309,2,5,24.61,712.5012,,,,,,,,,
2023,1703867,2,5,15.77,710.0555,,,,,,,,,
2023,1708254,2,5,48.93,736.0354,,,,,,,,,
2023,1712405,2,5,42.61,734.9916,,,,,,,,,
2023,1718659,2,5,17.56,708.4688,,,,,,,,,
2023,2103307,2,3,46.94,737.9338,,,,,,,,,
2023,2104651,2,5,69.13,763.4271,,,,,,,,,
2023,2104677,2,3,76.23,776.6959,,,,,,,,,
2023,2107407,2,5,53.93,744.6395,,,,,,,,,
2023,2107704,2,3,78.85,774.7588,,,,,,,,,
2023,2111672,2,5,48.24,739.8544,,,,,,,,,
2023,2112852,2,3,86.07,789.2013,,,,,,,,,
2023,2200707,2,3,46.55,739.9461,,,,,,,,,
2023,2204907,2,3,27.85,711.5791,,,,,,,,,
2023,2205276,2,3,73.84,762.7241,,,,,,,,,
2023,2205409,2,5,55.54,744.5496,,,,,,,,,
2023,2205904,2,5,100,820.7239,,,,,,,,,
2023,2210201,2,5,93.83,781.6936,,,,,,,,,
2023,2211605,2,3,100,813.2774,,,,,,,,,
2023,2301901,2,5,85.38,790.2035,,,,,,,,,
2023,2302701,2,3,84.18,787.4531,,,,,,,,,
2023,2303600,2,5,79.24,783.162,,,,,,,,,
2023,2303709,2,2,60.94,757.7353,,,,,,,,,
2023,2304954,2,5,72.74,769.7304,,,,,,,,,
2023,2305654,2,3,97.47,819.4543,,,,,,,,,
2023,2306009,2,3,98.61,838.8537,,,,,,,,,
2023,2306553,2,5,92.56,801.8838,,,,,,,,,
2023,2311207,2,5,90.85,800.1922,,,,,,,,,
2023,2313351,2,3,85.37,792.6717,,,,,,,,,
2023,2400406,2,5,33.29,724.7991,,,,,,,,,
2023,2401800,2,2,52.88,745.2053,,,,,,,,,
2023,2403400,2,5,20.52,709.9732,,,,,,,,,
2023,2404101,2,5,38.33,728.876,,,,,,,,,
2023,2404309,2,2,37.5,723.219,,,,,,,,,
2023,2406155,2,5,54.55,729.6926,,,,,,,,,
2023,2408904,2,3,43.33,730.2525,,,,,,,,,
2023,2410009,2,2,38.89,732.7216,,,,,,,,,
2023,2410256,2,3,58.35,749.6747,,,,,,,,,
2023,2500205,2,3,68.73,756.3621,,,,,,,,,
2023,2501906,2,5,56.8,750.8911,,,,,,,,,
2023,2503753,2,5,84.33,769.4357,,,,,,,,,
2023,2504405,2,5,80.68,780.8414,,,,,,,,,
2023,2504850,2,5,75,767.3336,,,,,,,,,
2023,2505907,2,3,65.44,750.0553,,,,,,,,,
2023,2506608,2,3,13.07,692.8696,,,,,,,,,
2023,2507804,2,5,56.22,736.4181,,,,,,,,,
2023,2507903,2,2,31.74,713.3437,,,,,,,,,
2023,2509107,2,3,37.99,726.4368,,,,,,,,,
2023,2510105,2,5,60.94,758.6988,,,,,,,,,
2023,2513802,2,3,40.43,740.587,,,,,,,,,
2023,2515971,2,5,60,758.5219,,,,,,,,,
2023,2516607,2,5,75.27,775.6992,,,,,,,,,
2023,2604601,2,3,45.57,727.222,,,,,,,,,
2023,2605459,2,2,78.11,760.5483,,,,,,,,,
2023,2605905,2,3,58.54,753.4276,,,,,,,,,
2023,2606101,2,3,70.58,760.1192,,,,,,,,,
2023,2607307,2,5,72,756.3346,,,,,,,,,
2023,2607505,2,3,59.5,746.0752,,,,,,,,,
2023,2607505,2,5,59.5,746.0752,,,,,,,,,
2023,2610103,2,5,60.56,758.6821,,,,,,,,,
2023,2611408,2,3,77.53,768.7232,,,,,,,,,
2023,2612455,2,5,69.26,759.3348,,,,,,,,,
2023,2704203,2,3,43.45,728.5189,,,,,,,,,
2023,2706307,2,3,32.18,717.6673,,,,,,,,,
2023,2709301,2,5,89.35,785.5604,,,,,,,,,
2023,2800670,2,3,22.76,702.1021,,,,,,,,,
2023,2802908,2,2,31.93,712.6858,,,,,,,,,
2023,2804102,2,5,43.16,730.9262,,,,,,,,,
2023,2805000,2,3,47.62,733.2586,,,,,,,,,
2023,2805703,2,5,25.97,712.575,,,,,,,,,
2023,2806008,2,3,33.67,723.3361,,,,,,,,,
2023,2901403,2,3,38.05,731.2744,,,,,,,,,
2023,2903003,2,5,39.25,729.1849,,,,,,,,,
2023,2906899,2,3,46.59,732.8299,,,,,,,,,
2023,2907558,2,5,46.92,734.4948,,,,,,,,,
2023,2913309,2,3,28.43,708.3592,,,,,,,,,
2023,2922730,2,5,46.81,730.8046,,,,,,,,,
2023,2923704,2,3,21.13,711.0039,,,,,,,,,
2023,2925204,2,5,60.54,744.6196,,,,,,,,,
2023,2927309,2,5,47.81,735.8171,,,,,,,,,
2023,2928703,2,5,33.47,715.8678,,,,,,,,,
2023,2930006,2,3,59.03,747.8722,,,,,,,,,
2023,3100906,2,2,49.23,742.3335,,,,,,,,,
2023,3103900,2,5,74,770.7165,,,,,,,,,
2023,3104403,2,3,55.13,753.2314,,,,,,,,,
2023,3106606,2,5,29.73,694.4423,,,,,,,,,
2023,3107307,2,3,68.82,768.8928,,,,,,,,,
2023,3110103,2,3,58.54,749.0733,,,,,,,,,
2023,3111804,2,3,45.48,748.0675,,,,,,,,,
2023,3112406,2,3,54.82,745.6089,,,,,,,,,
2023,3113503,2,5,64.55,756.8695,,,,,,,,,
2023,3114907,2,3,68.75,763.6118,,,,,,,,,
2023,3115003,2,3,63.9,757.3868,,,,,,,,,
2023,3115706,2,5,51.75,726.0645,,,,,,,,,
2023,3117603,2,5,63.62,764.8445,,,,,,,,,
2023,3119807,2,3,84.09,774.0039,,,,,,,,,
2023,3124203,2,3,71.63,760.5556,,,,,,,,,
2023,3124500,2,3,72.45,755.982,,,,,,,,,
2023,3126604,2,5,31.48,700.7583,,,,,,,,,
2023,3126703,2,2,55.3,743.5469,,,,,,,,,
2023,3127057,2,2,28.57,718.5464,,,,,,,,,
2023,3129004,2,5,44.72,739.9595,,,,,,,,,
2023,3129202,2,3,48.35,731.9848,,,,,,,,,
2023,3132404,2,3,59.76,751.8503,,,,,,,,,
2023,3133709,2,2,70,769.4048,,,,,,,,,
2023,3137809,2,2,77.03,771.319,,,,,,,,,
2023,3140803,2,3,58.84,748.8416,,,,,,,,,
2023,3140803,2,5,58.84,748.8416,,,,,,,,,
2023,3142304,2,5,77.89,771.3155,,,,,,,,,
2023,3144003,2,2,83.6,775.8709,,,,,,,,,
2023,3145307,2,2,67.93,761.7437,,,,,,,,,
2023,3146008,2,5,64.5,759.4033,,,,,,,,,
2023,3147808,2,3,61.11,759.5724,,,,,,,,,
2023,3149150,2,3,28.66,716.8981,,,,,,,,,
2023,3153004,2,5,85.44,792.0752,,,,,,,,,
2023,3158102,2,3,47.31,732.2874,,,,,,,,,
2023,3160405,2,3,82.37,785.1052,,,,,,,,,
2023,3161403,2,5,59.41,754.482,,,,,,,,,
2023,3163300,2,5,58.5,746.811,,,,,,,,,
2023,3171006,2,2,54.63,742.4027,,,,,,,,,
2023,3171071,2,3,62.13,756.6876,,,,,,,,,
2023,3171105,2,3,97.76,804.2142,,,,,,,,,
2023,3171154,2,3,73.55,766.4888,,,,,,,,,
2023,3201605,2,3,73.7,757.8445,,,,,,,,,
2023,3204005,2,2,72.78,762.0844,,,,,,,,,
2023,3300258,2,5,50.49,737.2671,,,,,,,,,
2023,3302254,2,3,65,745.6309,,,,,,,,,
2023,3302858,2,3,37.82,724.3736,,,,,,,,,
2023,3303302,2,5,51.92,736.4786,,,,,,,,,
2023,3303500,2,5,33.23,719.388,,,,,,,,,
2023,3304110,2,5,60.8,747.6786,,,,,,,,,
2023,3306107,2,3,58.36,741.9575,,,,,,,,,
2023,3508009,2,3,48.89,737.4247,,,,,,,,,
2023,3512704,2,3,43.63,741.0662,,,,,,,,,
2023,3513801,2,2,63.46,755.9063,,,,,,,,,
2023,3519006,2,3,85.15,786.7246,,,,,,,,,
2023,3520400,2,3,44.16,729.8568,,,,,,,,,
2023,3527405,2,3,64.53,759.3401,,,,,,,,,
2023,3533205,2,3,49.79,742.349,,,,,,,,,
2023,3541307,2,5,65.73,758.1018,,,,,,,,,
2023,3543501,2,3,81.07,773.7755,,,,,,,,,
2023,3549409,2,3,45.54,731.044,,,,,,,,,
2023,3550902,2,2,63.64,749.8678,,,,,,,,,
2023,4101853,2,5,75.6,767.0896,,,,,,,,,
2023,4102000,2,3,80.21,767.0779,,,,,,,,,
2023,4102406,2,5,75.41,760.0581,,,,,,,,,
2023,4103305,2,3,87.15,767.2466,,,,,,,,,
2023,4105607,2,3,64.72,752.4502,,,,,,,,,
2023,4110805,2,5,87.59,768.4744,,,,,,,,,
2023,4112009,2,5,80.92,764.4085,,,,,,,,,
2023,4113403,2,3,91.11,772.6212,,,,,,,,,
2023,4114203,2,5,85.06,769.0331,,,,,,,,,
2023,4121802,2,5,74.58,761.9358,,,,,,,,,
2023,4125753,2,3,74.73,757.7026,,,,,,,,,
2023,4127601,2,3,78.76,756.0926,,,,,,,,,
2023,4128609,2,3,81.02,759.8352,,,,,,,,,
2023,4202131,2,3,86.2,763.6815,,,,,,,,,
2023,4203204,2,3,50.54,737.6989,,,,,,,,,
2023,4203303,2,3,66.48,750.7298,,,,,,,,,
2023,4203501,2,3,60.89,747.7372,,,,,,,,,
2023,4207601,2,5,83.23,768.2341,,,,,,,,,
2023,4208955,2,5,81.82,759.8259,,,,,,,,,
2023,4209607,2,2,80.19,758.5183,,,,,,,,,
2023,4210902,2,3,81.55,767.5009,,,,,,,,,
2023,4216008,2,5,71.49,756.7699,,,,,,,,,
2023,4217105,2,2,68.42,762.7707,,,,,,,,,
2023,4217550,2,5,92.21,778.7759,,,,,,,,,
2023,4219002,2,2,65.59,753.3957,,,,,,,,,
2023,4300059,2,3,64.61,744.0147,,,,,,,,,
2023,4300646,2,5,53.78,742.4568,,,,,,,,,
2023,4301206,2,3,80.42,760.3864,,,,,,,,,
2023,4301636,2,5,58.38,740.5386,,,,,,,,,
2023,4301750,2,3,88.23,763.8339,,,,,,,,,
2023,4301875,2,3,61.01,743.9961,,,,,,,,,
2023,4301909,2,3,68.6,740.8468,,,,,,,,,
2023,4303608,2,2,82.9,760.4612,,,,,,,,,
2023,4307104,2,2,85.71,767.9064,,,,,,,,,
2023,4309654,2,3,70.19,756.2162,,,,,,,,,
2023,4310900,2,5,90.32,772.8551,,,,,,,,,
2023,4312500,2,3,51.38,738.7096,,,,,,,,,
2023,4313300,2,5,78.81,759.7642,,,,,,,,,
2023,4313391,2,3,86.08,759.4062,,,,,,,,,
2023,4313441,2,3,71.43,749.0923,,,,,,,,,
2023,4313656,2,3,53.49,736.2855,,,,,,,,,
2023,4314209,2,5,67.96,747.4702,,,,,,,,,
2023,4315313,2,5,52.94,736.3299,,,,,,,,,
2023,4318457,2,5,78.44,764.8667,,,,,,,,,
2023,4318614,2,5,85,766.3807,,,,,,,,,
2023,4319125,2,2,50,727.2421,,,,,,,,,
2023,4319505,2,2,88.14,762.7772,,,,,,,,,
2023,4321105,2,3,58.59,736.15,,,,,,,,,
2023,4321105,2,5,60.56,738.4917,,,,,,,,,
2023,4321709,2,3,55.48,743.5854,,,,,,,,,
2023,4322376,2,2,85.71,760.5161,,,,,,,,,
2023,4322905,2,5,86.68,772.3538,,,,,,,,,
2023,5002803,2,5,49.46,738.9099,,,,,,,,,
2023,5004809,2,5,21.39,708.275,,,,,,,,,
2023,5005608,2,3,26.61,708.2446,,,,,,,,,
2023,5005608,2,5,26.61,708.2446,,,,,,,,,
2023,5007109,2,3,34.35,722.3262,,,,,,,,,
2023,5007695,2,3,52.32,742.0149,,,,,,,,,
2023,5007976,2,5,78.85,772.5021,,,,,,,,,
2023,5100102,2,5,38.04,732.09,,,,,,,,,
2023,5102702,2,2,41.12,727.33,,,,,,,,,
2023,5102793,2,5,45.9,739.54,,,,,,,,,
2023,5104542,2,3,89,789.24,,,,,,,,,
2023,5106158,2,3,73.3,775.43,,,,,,,,,
2023,5106182,2,5,55.17,755.74,,,,,,,,,
2023,5107305,2,5,73.17,764.34,,,,,,,,,
2023,5108501,2,5,34.76,724.96,,,,,,,,,
2023,5200829,2,3,84.23,763.1566,,,,,,,,,
2023,5205307,2,5,60.19,742.8707,,,,,,,,,
2023,5210604,2,3,81.65,771.1195,,,,,,,,,
2023,5213053,2,3,66.67,760.1544,,,,,,,,,
2023,5213772,2,3,59.37,745.0892,,,,,,,,,
2023,5217302,2,3,72.91,756.2245,,,,,,,,,
2023,5218102,2,5,71.68,761.1831,,,,,,,,,
2023,5218607,2,5,68.21,756.572,,,,,,,,,
2023,5219357,2,3,79.49,763.2865,,,,,,,,,
2023,5220264,2,3,81.95,768.2154,,,,,,,,,
2023,5220280,2,5,89.17,773.3494,,,,,,,,,
2023,1100023,2,5,62.3,757.0999,,,,,,,,,
2023,1100122,2,5,70.52,767.6823,,,,,,,,,
2023,1100320,2,3,67.75,761.7789,,,,,,,,,
2023,1101203,2,5,72.5,785.6432,,,,,,,,,
2023,1300029,2,3,39.91,724.8519,,,,,,,,,
2023,1301308,2,5,49.8,734.6846,,,,,,,,,
2023,1302306,2,3,36.64,724.1944,,,,,,,,,
2023,1501501,2,3,60.59,745.4639,,,,,,,,,
2023,1505031,2,3,61.43,743.053,,,,,,,,,
2023,1506500,2,5,40.8,728.3112,,,,,,,,,
2023,1507102,2,5,33.37,723.1439,,,,,,,,,
2023,1600535,2,2,63.76,752.4559,,,,,,,,,
2023,1700707,2,3,47.86,743.3116,,,,,,,,,
2023,1702208,2,5,35.15,729.4976,,,,,,,,,
2023,1703057,2,5,35.63,728.2988,,,,,,,,,
2023,1703602,2,3,29.73,727.4654,,,,,,,,,
2023,1703842,2,3,16.16,696.8183,,,,,,,,,
2023,1707405,2,3,40.82,729.56,,,,,,,,,
2023,1711951,2,3,20.75,710.5893,,,,,,,,,
2023,1720499,2,5,65.57,755.2444,,,,,,,,,
2023,2100154,2,5,67.29,757.124,,,,,,,,,
2023,2100873,2,5,98.19,821.9519,,,,,,,,,
2023,2103604,2,3,41.49,731.2018,,,,,,,,,
2023,2105476,2,3,47.09,741.0617,,,,,,,,,
2023,2106805,2,5,91.54,782.6444,,,,,,,,,
2023,2110609,2,3,74.43,764.1168,,,,,,,,,
2023,2110658,2,5,22.32,709.3773,,,,,,,,,
2023,2111003,2,3,29.54,719.2942,,,,,,,,,
2023,2200301,2,3,90.92,798.9282,,,,,,,,,
2023,2201929,2,5,50.63,744.29,,,,,,,,,
2023,2202174,2,5,17.66,711.446,,,,,,,,,
2023,2204402,2,5,31.29,720.4872,,,,,,,,,
2023,2204709,2,3,55.39,744.5542,,,,,,,,,
2023,2205805,2,5,51.73,743.6944,,,,,,,,,
2023,2205854,2,3,62.05,751.9036,,,,,,,,,
2023,2206308,2,5,47.32,737.2902,,,,,,,,,
2023,2207553,2,3,100,815.6324,,,,,,,,,
2023,2207934,2,3,37.77,722.6159,,,,,,,,,
2023,2208700,2,3,99,808.6066,,,,,,,,,
2023,2300101,2,5,88.3,782.0445,,,,,,,,,
2023,2300200,2,5,95.81,816.4743,,,,,,,,,
2023,2305332,2,5,96.13,805.3671,,,,,,,,,
2023,2305704,2,3,87.85,790.8661,,,,,,,,,
2023,2305803,2,3,94.21,819.6779,,,,,,,,,
2023,2307007,2,3,84.18,792.3858,,,,,,,,,
2023,2308351,2,3,100,816.0274,,,,,,,,,
2023,2310001,2,3,70.54,768.5425,,,,,,,,,
2023,2310803,2,5,95.85,818.8736,,,,,,,,,
2023,2314003,2,3,95.17,821.6184,,,,,,,,,
2023,2401602,2,3,14.89,694.0429,,,,,,,,,
2023,2401701,2,3,36.61,721.937,,,,,,,,,
2023,2404507,2,5,52.35,740.3261,,,,,,,,,
2023,2408904,2,2,76.33,770.4631,,,,,,,,,
2023,2409605,2,5,42.11,734.536,,,,,,,,,
2023,2411403,2,3,21.7,709.8514,,,,,,,,,
2023,2411502,2,3,66.5,759.8486,,,,,,,,,
2023,2414704,2,5,17.25,709.7628,,,,,,,,,
2023,2414803,2,3,58.73,749.4401,,,,,,,,,
2023,2500700,2,5,42.09,729.318,,,,,,,,,
2023,2500775,2,3,42.5,735.8188,,,,,,,,,
2023,2500775,2,5,42.5,735.8188,,,,,,,,,
2023,2501906,2,3,56.8,750.8911,,,,,,,,,
2023,2506251,2,3,78.26,781.055,,,,,,,,,
2023,2508604,2,3,47.19,734.1877,,,,,,,,,
2023,2510105,2,2,10,681.1642,,,,,,,,,
2023,2510501,2,5,54.26,741.7048,,,,,,,,,
2023,2511301,2,3,48.84,727.6919,,,,,,,,,
2023,2516102,2,3,33.51,724.7455,,,,,,,,,
2023,2516201,2,2,22.16,693.8968,,,,,,,,,
2023,2601300,2,3,80.78,776.4797,,,,,,,,,
2023,2605103,2,3,82.05,773.8279,,,,,,,,,
2023,2605301,2,3,56.65,748.9803,,,,,,,,,
2023,2605707,2,5,33.42,709.8937,,,,,,,,,
2023,2607950,2,5,57.65,744.7254,,,,,,,,,
2023,2611101,2,5,66.17,755.8114,,,,,,,,,
2023,2616407,2,3,46.09,733.9228,,,,,,,,,
2023,2701803,2,5,43.52,721.7953,,,,,,,,,
2023,2702504,2,3,46.47,731.2317,,,,,,,,,
2023,2702553,2,3,34.55,720.4538,,,,,,,,,
2023,2707701,2,3,36.89,719.4216,,,,,,,,,
2023,2708600,2,5,50.08,732.302,,,,,,,,,
2023,2709400,2,5,40.03,722.168,,,,,,,,,
2023,2803807,2,3,40,718.6217,,,,,,,,,
2023,2804508,2,2,36.81,718.3719,,,,,,,,,
2023,2900900,2,5,31.19,728.7959,,,,,,,,,
2023,2905503,2,5,21.3,705.8964,,,,,,,,,
2023,2906808,2,5,29.69,720.1431,,,,,,,,,
2023,2906824,2,3,18.85,706.1288,,,,,,,,,
2023,2908408,2,3,28.58,720.3283,,,,,,,,,
2023,2910206,2,5,85.87,763.54,,,,,,,,,
2023,2910909,2,5,36.52,727.0563,,,,,,,,,
2023,2911303,2,3,45.07,729.2883,,,,,,,,,
2023,2916609,2,3,31.02,716.0291,,,,,,,,,
2023,2916807,2,3,38.17,728.162,,,,,,,,,
2023,2918803,2,5,46.61,738.9532,,,,,,,,,
2023,2922003,2,3,49.09,738.6925,,,,,,,,,
2023,2923308,2,3,35.94,727.7343,,,,,,,,,
2023,2924900,2,3,53.78,747.5726,,,,,,,,,
2023,2928109,2,5,32.33,715.49,,,,,,,,,
2023,2928109,2,3,32.33,715.49,,,,,,,,,
2023,3103306,2,5,80,771.7323,,,,,,,,,
2023,3104106,2,3,86.77,790.8201,,,,,,,,,
2023,3104502,2,5,37.17,727.9428,,,,,,,,,
2023,3106309,2,5,57.1,749.3222,,,,,,,,,
2023,3109105,2,5,63.01,757.6958,,,,,,,,,
2023,3113602,2,5,97.42,803.4296,,,,,,,,,
2023,3114204,2,3,67.21,760.9596,,,,,,,,,
2023,3115805,2,2,100,828.7443,,,,,,,,,
2023,3117504,2,5,59.47,754.6521,,,,,,,,,
2023,3120201,2,3,67.27,761.1487,,,,,,,,,
2023,3120201,2,5,67.27,761.1487,,,,,,,,,
2023,3122454,2,5,42.46,736.6011,,,,,,,,,
2023,3123809,2,3,44.66,739.5356,,,,,,,,,
2023,3126109,2,2,77.6,773.1503,,,,,,,,,
2023,3126307,2,5,70.59,763.0085,,,,,,,,,
2023,3126752,2,3,88.58,794.4066,,,,,,,,,
2023,3127339,2,3,41.67,745.3091,,,,,,,,,
2023,3127909,2,2,66.67,738.5398,,,,,,,,,
2023,3128402,2,5,80.48,779.4112,,,,,,,,,
2023,3129707,2,2,76.18,772.4963,,,,,,,,,
2023,3130309,2,3,98.44,807.0663,,,,,,,,,
2023,3130606,2,5,81.42,765.6235,,,,,,,,,
2023,3132305,2,2,72.28,767.6521,,,,,,,,,
2023,3135357,2,5,63.69,776.4039,,,,,,,,,
2023,3135704,2,3,52.44,749.1596,,,,,,,,,
2023,3137106,2,5,84.4,773.71,,,,,,,,,
2023,3141009,2,5,80.6,768.4589,,,,,,,,,
2023,3142007,2,2,86.67,770.0045,,,,,,,,,
2023,3143153,2,3,49.86,746.1027,,,,,,,,,
2023,3147709,2,3,80.61,781.5002,,,,,,,,,
2023,3151800,2,2,58.36,747.603,,,,,,,,,
2023,3152105,2,5,49.77,740.5108,,,,,,,,,
2023,3154408,2,3,55.59,742.2007,,,,,,,,,
2023,3154507,2,3,67.54,758.5585,,,,,,,,,
2023,3157203,2,3,69.91,761.8865,,,,,,,,,
2023,3157302,2,5,50.6,743.8458,,,,,,,,,
2023,3157302,2,3,50.6,743.8458,,,,,,,,,
2023,3160405,2,5,82.37,785.1052,,,,,,,,,
2023,3161403,2,3,59.41,754.482,,,,,,,,,
2023,3167004,2,5,38.46,720.3807,,,,,,,,,
2023,3167202,2,3,53.59,742.9244,,,,,,,,,
2023,3171030,2,2,33.8,725.0394,,,,,,,,,
2023,3171600,2,3,50.12,737.0159,,,,,,,,,
2023,3202900,2,5,81.5,768.3264,,,,,,,,,
2023,3203346,2,5,78.21,761.3522,,,,,,,,,
2023,3203908,2,5,82.95,768.7837,,,,,,,,,
2023,3204807,2,3,74.52,763.2589,,,,,,,,,
2023,3204955,2,3,74.56,755.1453,,,,,,,,,
2023,3301108,2,3,55.75,742.1279,,,,,,,,,
2023,3301504,2,3,59.21,745.5292,,,,,,,,,
2023,3301702,2,3,47.15,732.816,,,,,,,,,
2023,3302056,2,3,54.49,738.7978,,,,,,,,,
2023,3505401,2,3,87.5,801.3484,,,,,,,,,
2023,3505807,2,3,51.88,739.1463,,,,,,,,,
2023,3510500,2,3,54.34,744.5013,,,,,,,,,
2023,3513504,2,5,48.69,737.0746,,,,,,,,,
2023,3515186,2,2,61.82,758.3937,,,,,,,,,
2023,3523404,2,3,65.1,759.2624,,,,,,,,,
2023,3524501,2,3,55.84,753.7408,,,,,,,,,
2023,3526308,2,3,48.73,732.8847,,,,,,,,,
2023,3529302,2,3,64.39,754.6583,,,,,,,,,
2023,3530508,2,3,46.41,738.8306,,,,,,,,,
2023,3536307,2,3,44.66,732.6381,,,,,,,,,
2023,3537602,2,3,39.63,725.5712,,,,,,,,,
2023,3540606,2,3,73.63,771.7863,,,,,,,,,
2023,3541653,2,3,50.65,740.1227,,,,,,,,,
2023,4102109,2,3,79.57,763.7134,,,,,,,,,
2023,4103701,2,3,79.11,764.1766,,,,,,,,,
2023,4104600,2,3,72.97,756.4124,,,,,,,,,
2023,4104709,2,5,73.7,756.1478,,,,,,,,,
2023,4110078,2,5,71.92,759.56,,,,,,,,,
2023,4111001,2,3,79.12,751.94,,,,,,,,,
2023,4111258,2,3,56.44,741.2966,,,,,,,,,
2023,4113205,2,3,81.08,761.3108,,,,,,,,,
2023,4116901,2,5,74.13,757.2889,,,,,,,,,
2023,4118808,2,3,69.48,757.6207,,,,,,,,,
2023,4119202,2,5,73.96,761.5535,,,,,,,,,
2023,4120358,2,5,84.27,773.2517,,,,,,,,,
2023,4124806,2,5,87.03,772.9093,,,,,,,,,
2023,4126207,2,3,73.32,762.0049,,,,,,,,,
2023,4127007,2,5,77.31,758.7746,,,,,,,,,
2023,4128658,2,3,78.69,763.3744,,,,,,,,,
2023,4200556,2,3,42.78,726.6902,,,,,,,,,
2023,4202578,2,5,73.31,758.4104,,,,,,,,,
2023,4206108,2,2,64,752.7994,,,,,,,,,
2023,4207205,2,5,63.66,747.3429,,,,,,,,,
2023,4208005,2,2,30,738.7356,,,,,,,,,
2023,4208203,2,2,49.79,735.4118,,,,,,,,,
2023,4209409,2,5,54.35,741.5347,,,,,,,,,
2023,4210506,2,2,87.15,775.4966,,,,,,,,,
2023,4212304,2,3,63.06,749.0617,,,,,,,,,
2023,4213609,2,5,67.55,753.1781,,,,,,,,,
2023,4215208,2,3,52.07,743.9747,,,,,,,,,
2023,4215703,2,2,66.53,754.4993,,,,,,,,,
2023,4216602,2,3,65.4,750.2722,,,,,,,,,
2023,4216701,2,5,76.42,762.1217,,,,,,,,,
2023,4217550,2,3,92.21,778.7759,,,,,,,,,
2023,4217709,2,2,68.01,753.4354,,,,,,,,,
2023,4219150,2,3,88.99,767.1427,,,,,,,,,
2023,4219853,2,3,65.06,745.3636,,,,,,,,,
2023,4300307,2,5,70.71,759.8651,,,,,,,,,
2023,4300851,2,5,57.54,747.0197,,,,,,,,,
2023,4301073,2,5,94.58,772.1693,,,,,,,,,
2023,4301552,2,2,84.62,771.7134,,,,,,,,,
2023,4304309,2,5,78.96,770.0205,,,,,,,,,
2023,4306551,2,3,95.45,772.4992,,,,,,,,,
2023,4308201,2,3,79.01,762.8497,,,,,,,,,
2023,4308458,2,2,58.82,749.573,,,,,,,,,
2023,4311205,2,5,59.63,746.0914,,,,,,,,,
2023,4312450,2,3,72.96,750.7487,,,,,,,,,
2023,4314548,2,5,77.5,750.8345,,,,,,,,,
2023,4315008,2,2,72.73,762.3541,,,,,,,,,
2023,4316402,2,3,35.19,724.6041,,,,,,,,,
2023,4317756,2,3,77.14,751.1254,,,,,,,,,
2023,4318101,2,2,83.95,759.641,,,,,,,,,
2023,4322202,2,2,62.08,748.9029,,,,,,,,,
2023,5002704,2,2,11.54,684.3854,,,,,,,,,
2023,5003801,2,3,60.8,754.37,,,,,,,,,
2023,5006200,2,3,58.38,752.2081,,,,,,,,,
2023,5103858,2,3,45.03,730.63,,,,,,,,,
2023,5106307,2,2,33.33,736.22,,,,,,,,,
2023,5107248,2,3,71.5,765.45,,,,,,,,,
2023,5107404,2,3,72.89,766.48,,,,,,,,,
2023,5200555,2,5,66.64,753.0978,,,,,,,,,
2023,5204854,2,5,86.91,773.3519,,,,,,,,,
2023,5208608,2,3,79.79,766.4141,,,,,,,,,
2023,5213806,2,3,62.28,746.9782,,,,,,,,,
2023,5214507,2,5,68.08,753.6398,,,,,,,,,
2023,5217203,2,5,78.1,759.9349,,,,,,,,,
2023,5219753,2,3,42.71,730.6716,,,,,,,,,
2023,5221551,2,5,68.16,752.7613,,,,,,,,,
2023,1100106,2,5,44.25,733.7962,,,,,,,,,
2023,1100148,2,5,74.81,767.5966,,,,,,,,,
2023,1300102,2,2,68.42,748.6279,,,,,,,,,
2023,1300102,2,3,75.99,755.9743,,,,,,,,,
2023,1301100,2,3,20.71,696.5424,,,,,,,,,
2023,1303536,2,5,34.17,714.1336,,,,,,,,,
2023,1500107,2,3,39.73,725.5913,,,,,,,,,
2023,1501253,2,3,61.11,743.6668,,,,,,,,,
2023,1502202,2,5,61.24,744.0447,,,,,,,,,
2023,1502202,2,3,62,744.7912,,,,,,,,,
2023,1505064,2,3,55.6,736.802,,,,,,,,,
2023,1700301,2,5,25.2,715.2166,,,,,,,,,
2023,1703701,2,3,38.1,732.5373,,,,,,,,,
2023,1713809,2,5,18.11,701.0621,,,,,,,,,
2023,1715101,2,3,39.24,723.8921,,,,,,,,,
2023,1715507,2,3,50,740.3478,,,,,,,,,
2023,1718303,2,5,18.07,711.9896,,,,,,,,,
2023,2100956,2,5,76.25,770.1843,,,,,,,,,
2023,2101731,2,3,61.12,753.8089,,,,,,,,,
2023,2102150,2,5,33.25,726.4564,,,,,,,,,
2023,2102408,2,5,66.03,769.4792,,,,,,,,,
2023,2104701,2,5,72.78,757.0099,,,,,,,,,
2023,2105104,2,3,66.57,761.912,,,,,,,,,
2023,2106607,2,5,72.34,771.0041,,,,,,,,,
2023,2110500,2,3,93.75,806.596,,,,,,,,,
2023,2200954,2,3,53.33,740.833,,,,,,,,,
2023,2202307,2,5,13.66,698.9879,,,,,,,,,
2023,2202653,2,5,20.36,710.1777,,,,,,,,,
2023,2204105,2,5,47.28,738.7616,,,,,,,,,
2023,2205276,2,5,73.84,762.7241,,,,,,,,,
2023,2209971,2,5,33.59,724.8159,,,,,,,,,
2023,2210375,2,5,58.51,746.2839,,,,,,,,,
2023,2210938,2,3,27.08,723.4224,,,,,,,,,
2023,2303659,2,5,100,846.3539,,,,,,,,,
2023,2304400,2,3,74.03,774.4244,,,,,,,,,
2023,2311009,2,2,65.02,761.9997,,,,,,,,,
2023,2311900,2,5,75.38,771.225,,,,,,,,,
2023,2313203,2,5,97.16,827.8207,,,,,,,,,
2023,2313252,2,3,95.11,810.8039,,,,,,,,,
2023,2400307,2,5,37.26,726.3782,,,,,,,,,
2023,2401008,2,3,36.86,713.8515,,,,,,,,,
2023,2404606,2,3,41.28,737.2126,,,,,,,,,
2023,2407203,2,3,27.27,715.8444,,,,,,,,,
2023,2407203,2,5,30.68,720.2865,,,,,,,,,
2023,2408102,2,5,37.34,725.5888,,,,,,,,,
2023,2411007,2,3,31.19,715.1862,,,,,,,,,
2023,2411429,2,3,52.34,749.0748,,,,,,,,,
2023,2412203,2,3,34.64,720.7443,,,,,,,,,
2023,2412302,2,2,45.9,725.2922,,,,,,,,,
2023,2413003,2,5,57.67,740.7094,,,,,,,,,
2023,2413904,2,2,35.35,725.9487,,,,,,,,,
2023,2415008,2,3,19.38,707.2591,,,,,,,,,
2023,2501807,2,2,94.12,786.0728,,,,,,,,,
2023,2503704,2,5,53.45,743.7734,,,,,,,,,
2023,2504702,2,5,49.32,747.9627,,,,,,,,,
2023,2506707,2,3,67.14,764.1826,,,,,,,,,
2023,2508604,2,5,47.19,734.1877,,,,,,,,,
2023,2508802,2,5,68.43,757.6526,,,,,,,,,
2023,2511202,2,3,37.3,722.1227,,,,,,,,,
2023,2512002,2,3,42.15,735.7902,,,,,,,,,
2023,2513968,2,3,83.33,773.9744,,,,,,,,,
2023,2517100,2,5,52,735.7859,,,,,,,,,
2023,2606507,2,3,66.34,757.8402,,,,,,,,,
2023,2607406,2,3,64.79,748.3716,,,,,,,,,
2023,2608057,2,3,76.14,764.2778,,,,,,,,,
2023,2608206,2,3,49.58,737.1402,,,,,,,,,
2023,2609303,2,3,35.45,726.3764,,,,,,,,,
2023,2610806,2,5,47.04,742.6864,,,,,,,,,
2023,2613909,2,5,76.13,761.6589,,,,,,,,,
2023,2615003,2,3,59.65,744.5851,,,,,,,,,
2023,2616100,2,5,53.39,748.2075,,,,,,,,,
2023,2700706,2,5,33.15,717.5115,,,,,,,,,
2023,2707602,2,5,57.48,744.0222,,,,,,,,,
2023,2800704,2,3,27.27,717.8335,,,,,,,,,
2023,2902807,2,5,47.58,736.5408,,,,,,,,,
2023,2905156,2,5,24.86,711.4236,,,,,,,,,
2023,2905206,2,3,49.15,734.4812,,,,,,,,,
2023,2908705,2,5,75.7,761.0156,,,,,,,,,
2023,2910057,2,5,35.5,721.4005,,,,,,,,,
2023,2910305,2,5,29.96,724.4102,,,,,,,,,
2023,2910305,2,3,29.96,724.4102,,,,,,,,,
2023,2910701,2,5,33.34,721.7874,,,,,,,,,
2023,2910727,2,5,34.62,719.3496,,,,,,,,,
2023,2910776,2,3,55.73,740.0552,,,,,,,,,
2023,2912400,2,3,29.8,721.9039,,,,,,,,,
2023,2914604,2,5,42.02,732.3384,,,,,,,,,
2023,2915601,2,3,44.07,731.8283,,,,,,,,,
2023,2918753,2,5,21.36,707.8606,,,,,,,,,
2023,2919009,2,3,50,723.9171,,,,,,,,,
2023,2920452,2,5,30.7,724.0366,,,,,,,,,
2023,2920452,2,3,30.7,724.0366,,,,,,,,,
2023,2926202,2,5,37.21,728.2446,,,,,,,,,
2023,2932457,2,3,21.31,708.4102,,,,,,,,,
2023,2932804,2,3,33.84,721.9871,,,,,,,,,
2023,3100807,2,3,100,819.7858,,,,,,,,,
2023,3105509,2,3,63.54,744.0055,,,,,,,,,
2023,3106705,2,5,54.39,744.3295,,,,,,,,,
2023,3109907,2,5,55.11,744.3194,,,,,,,,,
2023,3110707,2,2,79.2,779.0555,,,,,,,,,
2023,3116902,2,3,35.71,727.5478,,,,,,,,,
2023,3118700,2,3,71.3,764.0921,,,,,,,,,
2023,3118809,2,2,78.19,779.3252,,,,,,,,,
2023,3119005,2,5,47.14,745.2467,,,,,,,,,
2023,3120409,2,3,72.12,757.5942,,,,,,,,,
2023,3123809,2,5,44.66,739.5356,,,,,,,,,
2023,3126109,2,3,66.93,759.2618,,,,,,,,,
2023,3128253,2,5,42,725.8185,,,,,,,,,
2023,3128501,2,3,88.16,792.5465,,,,,,,,,
2023,3128907,2,5,60.59,747.1544,,,,,,,,,
2023,3130051,2,3,53.99,747.0206,,,,,,,,,
2023,3131109,2,3,40.65,732.7521,,,,,,,,,
2023,3135308,2,3,71.03,767.3019,,,,,,,,,
2023,3136553,2,5,79.09,784.144,,,,,,,,,
2023,3139201,2,3,77.21,773.4885,,,,,,,,,
2023,3139706,2,3,70.06,760.9702,,,,,,,,,
2023,3140902,2,3,85.52,783.9683,,,,,,,,,
2023,3142106,2,5,47.26,740.881,,,,,,,,,
2023,3142403,2,3,81.44,781.6297,,,,,,,,,
2023,3144607,2,5,53.67,742.7433,,,,,,,,,
2023,3151909,2,5,90.55,791.8022,,,,,,,,,
2023,3154705,2,3,42.82,728.7126,,,,,,,,,
2023,3154804,2,3,40.74,725.697,,,,,,,,,
2023,3155207,2,2,82,770.965,,,,,,,,,
2023,3156809,2,3,40.58,721.2769,,,,,,,,,
2023,3166303,2,3,68.55,756.6546,,,,,,,,,
2023,3169307,2,5,50.69,741.142,,,,,,,,,
2023,3171204,2,3,54.07,743.4728,,,,,,,,,
2023,3171303,2,3,62.67,753.005,,,,,,,,,
2023,3172202,2,5,48.66,743.3546,,,,,,,,,
2023,3201100,2,5,67.14,752.985,,,,,,,,,
2023,3201506,2,3,73.76,760.5731,,,,,,,,,
2023,3300407,2,3,59.19,745.1139,,,,,,,,,
2023,3301009,2,3,38.69,723.8701,,,,,,,,,
2023,3304805,2,3,39.79,728.1991,,,,,,,,,
2023,3503307,2,5,60.24,751.3446,,,,,,,,,
2023,3511904,2,3,51.06,744.8485,,,,,,,,,
2023,3515103,2,3,46.49,730.2202,,,,,,,,,
2023,3515400,2,3,62.71,754.0492,,,,,,,,,
2023,3520806,2,3,89.16,805.2046,,,,,,,,,
2023,3521705,2,2,63.1,757.6766,,,,,,,,,
2023,3522109,2,3,54.33,744.528,,,,,,,,,
2023,3524303,2,3,53.01,744.9662,,,,,,,,,
2023,3526100,2,3,54.87,742.4055,,,,,,,,,
2023,3527900,2,3,71.6,761.34,,,,,,,,,
2023,3528700,2,3,71.43,763.0206,,,,,,,,,
2023,3529500,2,3,69.95,754.9347,,,,,,,,,
2023,3531308,2,3,67.07,762.0842,,,,,,,,,
2023,3541109,2,2,68.97,751.6648,,,,,,,,,
2023,3545308,2,2,51.22,733.2794,,,,,,,,,
2023,3549904,2,5,57.69,747.3664,,,,,,,,,
2023,3550407,2,3,51.93,740.4121,,,,,,,,,
2023,3552809,2,3,45.59,731.3697,,,,,,,,,
2023,3552809,2,5,45.35,731.0996,,,,,,,,,
2023,4101655,2,5,54.39,745.7157,,,,,,,,,
2023,4103206,2,3,53.53,742.8611,,,,,,,,,
2023,4103453,2,3,87.02,774.3104,,,,,,,,,
2023,4108320,2,3,68.71,756.6451,,,,,,,,,
2023,4108403,2,3,79.67,762.0057,,,,,,,,,
2023,4109609,2,3,67.35,750.893,,,,,,,,,
2023,4109609,2,5,67.35,750.893,,,,,,,,,
2023,4112801,2,5,85.53,772.5535,,,,,,,,,
2023,4117800,2,3,74.27,758.6049,,,,,,,,,
2023,4121109,2,3,76.75,768.1272,,,,,,,,,
2023,4121257,2,3,88.1,764.3979,,,,,,,,,
2023,4123824,2,5,79.5,774.7545,,,,,,,,,
2023,4125357,2,3,74.33,764.0222,,,,,,,,,
2023,4125902,2,5,71.94,755.0155,,,,,,,,,
2023,4201307,2,5,51.84,737.4734,,,,,,,,,
2023,4201604,2,3,92,790.0055,,,,,,,,,
2023,4202909,2,5,65.9,751.3457,,,,,,,,,
2023,4203006,2,5,66.21,750.9288,,,,,,,,,
2023,4203402,2,5,27.65,722.8444,,,,,,,,,
2023,4203709,2,5,59.28,745.937,,,,,,,,,
2023,4204251,2,3,66.78,748.8958,,,,,,,,,
2023,4204400,2,5,74.28,755.9815,,,,,,,,,
2023,4205407,2,3,50.63,737.4266,,,,,,,,,
2023,4209508,2,5,64.28,750.9778,,,,,,,,,
2023,4211306,2,5,54.22,740.4706,,,,,,,,,
2023,4211652,2,3,91.6,767.1308,,,,,,,,,
2023,4214508,2,2,74.35,756.3997,,,,,,,,,
2023,4219507,2,2,70.13,753.0669,,,,,,,,,
2023,4219606,2,3,71.58,766.2187,,,,,,,,,
2023,4300208,2,2,57.14,752.5172,,,,,,,,,
2023,4302253,2,3,73.33,761.6245,,,,,,,,,
2023,4303673,2,3,90,767.1718,,,,,,,,,
2023,4305207,2,3,75.07,756.2688,,,,,,,,,
2023,4306403,2,3,78.45,758.9661,,,,,,,,,
2023,4306908,2,5,69.85,752.597,,,,,,,,,
2023,4306973,2,3,73.33,751.6831,,,,,,,,,
2023,4307708,2,2,24.1,722.3655,,,,,,,,,
2023,4307807,2,3,67.6,751.698,,,,,,,,,
2023,4309209,2,3,63.64,744.9518,,,,,,,,,
2023,4310603,2,5,63.77,746.5269,,,,,,,,,
2023,4311700,2,2,87.5,766.3487,,,,,,,,,
2023,4311718,2,3,66.97,750.3037,,,,,,,,,
2023,4312179,2,5,88.24,775.213,,,,,,,,,
2023,4313904,2,2,81.5,766.9683,,,,,,,,,
2023,4314407,2,5,51.52,736.347,,,,,,,,,
2023,4314902,2,3,40.04,726.7029,,,,,,,,,
2023,4315453,2,5,86.67,761.5071,,,,,,,,,
2023,4315503,2,5,60.96,742.8854,,,,,,,,,
2023,4315750,2,3,76.01,758.2553,,,,,,,,,
2023,4315909,2,5,90.81,774.439,,,,,,,,,
2023,4316733,2,3,75,760.0884,,,,,,,,,
2023,4317558,2,3,72.22,765.7648,,,,,,,,,
2023,4321303,2,3,49.6,735.421,,,,,,,,,
2023,4321402,2,5,70.53,753.7281,,,,,,,,,
2023,4321832,2,2,60.87,749.0514,,,,,,,,,
2023,5004908,2,5,38.46,729.403,,,,,,,,,
2023,5006259,2,3,47.37,735.3844,,,,,,,,,
2023,5100508,2,3,67.56,758.64,,,,,,,,,
2023,5102686,2,5,48.17,740.07,,,,,,,,,
2023,5103700,2,3,65.18,754.2,,,,,,,,,
2023,5107776,2,5,41.22,729.47,,,,,,,,,
2023,5108303,2,3,60.38,757.17,,,,,,,,,
2023,5108808,2,5,68.02,757.54,,,,,,,,,
2023,5200134,2,3,58.49,745.9411,,,,,,,,,
2023,5200258,2,3,48.9,733.535,,,,,,,,,
2023,5200829,2,5,84.23,763.1566,,,,,,,,,
2023,5201108,2,3,72.21,757.0193,,,,,,,,,
2023,5201207,2,5,80,755.6838,,,,,,,,,
2023,5201306,2,5,92.26,787.833,,,,,,,,,
2023,5202502,2,3,79.82,764.1049,,,,,,,,,
2023,5204805,2,5,79.9,760.6437,,,,,,,,,
2023,5205109,2,3,64.88,749.3936,,,,,,,,,
2023,5205497,2,3,51.3,736.4118,,,,,,,,,
2023,5209903,2,3,64.01,745.2822,,,,,,,,,
2023,5211008,2,5,34.36,728.6466,,,,,,,,,
2023,5212006,2,3,97.43,780.43,,,,,,,,,
2023,5213707,2,3,66.57,750.0498,,,,,,,,,
2023,5213806,2,5,62.28,746.9782,,,,,,,,,
2023,5215306,2,3,86.48,769.4239,,,,,,,,,
2023,5220058,2,5,87.5,765.4672,,,,,,,,,
2023,5220157,2,3,75.36,773.6079,,,,,,,,,
2023,5221007,2,5,69.59,761.0262,,,,,,,,,
2023,5221080,2,3,56.82,734.9958,,,,,,,,,
2023,5221403,2,5,66.34,752.8217,,,,,,,,,
2023,1101708,2,5,70.92,763.2905,,,,,,,,,
2023,1501808,2,3,44,730.2004,,,,,,,,,
2023,1503309,2,5,36.72,721.1579,,,,,,,,,
2023,1505304,2,3,34.52,720.7808,,,,,,,,,
2023,1506500,2,3,40.8,728.3112,,,,,,,,,
2023,1507953,2,5,37.67,722.3685,,,,,,,,,
2023,1600154,2,3,66.25,755.2828,,,,,,,,,
2023,1600600,2,5,43.45,734.3378,,,,,,,,,
2023,1703008,2,3,20.49,707.7983,,,,,,,,,
2023,1703057,2,3,35.63,728.2988,,,,,,,,,
2023,1703800,2,3,41.24,732.7045,,,,,,,,,
2023,1707108,2,5,39.09,732.2676,,,,,,,,,
2023,1722107,2,3,22,720.1447,,,,,,,,,
2023,2100055,2,3,39.59,729.3262,,,,,,,,,
2023,2101772,2,5,51.82,741.9729,,,,,,,,,
2023,2104081,2,3,29.89,731.3713,,,,,,,,,
2023,2104701,2,3,72.78,757.0099,,,,,,,,,
2023,2105948,2,3,88.14,772.8399,,,,,,,,,
2023,2106375,2,5,76.41,785.6398,,,,,,,,,
2023,2106672,2,5,100,826.2111,,,,,,,,,
2023,2108306,2,5,55.46,747.8529,,,,,,,,,
2023,2109007,2,3,58.08,754.936,,,,,,,,,
2023,2109239,2,3,75.46,771.4509,,,,,,,,,
2023,2111250,2,5,12.94,705.736,,,,,,,,,
2023,2111953,2,5,75.39,788.8061,,,,,,,,,
2023,2112605,2,3,76.76,768.6357,,,,,,,,,
2023,2112852,2,5,86.07,789.2013,,,,,,,,,
2023,2201705,2,5,59.48,753.9586,,,,,,,,,
2023,2202059,2,5,19.85,717.1029,,,,,,,,,
2023,2203305,2,5,70.15,765.717,,,,,,,,,
2023,2205201,2,5,78.99,783.8892,,,,,,,,,
2023,2205565,2,3,55.67,744.4298,,,,,,,,,
2023,2208908,2,5,88.78,801.3779,,,,,,,,,
2023,2209153,2,5,52.44,740.8267,,,,,,,,,
2023,2211308,2,5,51.94,736.0538,,,,,,,,,
2023,2300507,2,5,97.81,833.3378,,,,,,,,,
2023,2300903,2,5,80.8,783.8755,,,,,,,,,
2023,2304202,2,5,93.55,816.1989,,,,,,,,,
2023,2308351,2,5,100,816.0274,,,,,,,,,
2023,2402907,2,3,23.86,696.9786,,,,,,,,,
2023,2405603,2,2,33.33,724.0534,,,,,,,,,
2023,2406205,2,3,13.11,694.4313,,,,,,,,,
2023,2408201,2,5,32.03,718.7556,,,,,,,,,
2023,2410702,2,3,25,708.9359,,,,,,,,,
2023,2411056,2,3,23.53,737.3825,,,,,,,,,
2023,2411056,2,5,40.65,741.8184,,,,,,,,,
2023,2414902,2,3,58.93,747.8578,,,,,,,,,
2023,2500536,2,5,42.62,723.9927,,,,,,,,,
2023,2502300,2,5,65.39,764.6787,,,,,,,,,
2023,2505105,2,3,50.66,743.8135,,,,,,,,,
2023,2506004,2,3,61.5,751.4418,,,,,,,,,
2023,2511202,2,5,37.3,722.1227,,,,,,,,,
2023,2511509,2,5,69,771.3062,,,,,,,,,
2023,2514008,2,5,29.59,732.5809,,,,,,,,,
2023,2515302,2,3,33.89,719.0313,,,,,,,,,
2023,2604908,2,3,76.43,774.0696,,,,,,,,,
2023,2605152,2,3,64.93,747.7276,,,,,,,,,
2023,2605202,2,5,54.51,748.8628,,,,,,,,,
2023,2606606,2,2,68,758.7958,,,,,,,,,
2023,2614808,2,5,56.04,744.1483,,,,,,,,,
2023,2700706,2,3,33.15,717.5115,,,,,,,,,
2023,2700805,2,3,55.08,736.6751,,,,,,,,,
2023,2700904,2,3,83.89,767.9163,,,,,,,,,
2023,2702801,2,3,34.71,718.3464,,,,,,,,,
2023,2707503,2,3,67.71,756.3131,,,,,,,,,
2023,2800670,2,5,26.09,705.7575,,,,,,,,,
2023,2803302,2,3,42.14,728.7416,,,,,,,,,
2023,2804409,2,2,31.48,716.1077,,,,,,,,,
2023,2804805,2,2,28.57,704.1077,,,,,,,,,
2023,2805505,2,3,30.77,713.8477,,,,,,,,,
2023,2806701,2,3,55.87,747.4768,,,,,,,,,
2023,2902708,2,3,26.84,708.2513,,,,,,,,,
2023,2904407,2,5,41.09,727.6814,,,,,,,,,
2023,2907806,2,5,30.93,726.5168,,,,,,,,,
2023,2908309,2,5,53.85,741.8403,,,,,,,,,
2023,2911006,2,5,15.12,704.0523,,,,,,,,,
2023,2914802,2,5,31.6,718.2445,,,,,,,,,
2023,2917201,2,5,57.52,744.4461,,,,,,,,,
2023,2920908,2,3,22.32,706.8705,,,,,,,,,
2023,2922300,2,3,23.34,716.9981,,,,,,,,,
2023,2924702,2,3,64.26,754.4948,,,,,,,,,
2023,2925402,2,3,27.88,715.7007,,,,,,,,,
2023,2926004,2,5,25.1,714.7749,,,,,,,,,
2023,2927200,2,3,38.25,723.7625,,,,,,,,,
2023,2928307,2,5,26.96,719.0038,,,,,,,,,
2023,2929008,2,3,32.07,729.5016,,,,,,,,,
2023,2929107,2,5,45.9,732.6989,,,,,,,,,
2023,2930105,2,3,19.93,705.9006,,,,,,,,,
2023,2931806,2,5,49.49,734.6424,,,,,,,,,
2023,3103504,2,2,51.84,741.0545,,,,,,,,,
2023,3105608,2,5,64.56,757.0262,,,,,,,,,
2023,3111101,2,3,77.26,786.7721,,,,,,,,,
2023,3111903,2,3,50.78,744.7123,,,,,,,,,
2023,3115359,2,5,67.35,751.5861,,,,,,,,,
2023,3116407,2,5,74.97,769.0921,,,,,,,,,
2023,3117603,2,2,57.24,759.9453,,,,,,,,,
2023,3120151,2,5,52.99,745.8511,,,,,,,,,
2023,3123700,2,3,58.22,746.7768,,,,,,,,,
2023,3125705,2,5,54.14,742.4195,,,,,,,,,
2023,3127388,2,3,75,768.8928,,,,,,,,,
2023,3128006,2,3,57.63,749.7172,,,,,,,,,
2023,3130408,2,3,72.8,758.0282,,,,,,,,,
2023,3132503,2,5,67.93,763.768,,,,,,,,,
2023,3133006,2,3,57.59,748.6124,,,,,,,,,
2023,3133402,2,3,63.86,749.0984,,,,,,,,,
2023,3137403,2,3,63.91,759.5879,,,,,,,,,
2023,3139607,2,3,49.94,744.9207,,,,,,,,,
2023,3140001,2,3,53.77,744.2222,,,,,,,,,
2023,3140555,2,5,62.81,761.0017,,,,,,,,,
2023,3142007,2,3,58.98,747.3822,,,,,,,,,
2023,3142700,2,5,52.48,747.2111,,,,,,,,,
2023,3149705,2,3,80.06,783.6509,,,,,,,,,
2023,3150505,2,5,72.81,765.6035,,,,,,,,,
2023,3151305,2,3,74.74,764.5098,,,,,,,,,
2023,3153103,2,5,69.97,758.4141,,,,,,,,,
2023,3154309,2,5,71.54,765.7367,,,,,,,,,
2023,3158508,2,2,84.62,777.7022,,,,,,,,,
2023,3159209,2,5,82.22,778.0678,,,,,,,,,
2023,3160009,2,3,80,767.7823,,,,,,,,,
2023,3161205,2,5,78.67,760.5853,,,,,,,,,
2023,3161502,2,5,79.39,769.8018,,,,,,,,,
2023,3165560,2,5,76.47,773.5997,,,,,,,,,
2023,3165578,2,5,50.9,738.5558,,,,,,,,,
2023,3167707,2,3,66.54,777.4761,,,,,,,,,
2023,3169406,2,5,58.33,751.4221,,,,,,,,,
2023,3172103,2,3,50.77,745.4363,,,,,,,,,
2023,3201704,2,5,77.46,763.056,,,,,,,,,
2023,3203007,2,3,71.93,759.2998,,,,,,,,,
2023,3203056,2,3,72.19,758.365,,,,,,,,,
2023,3205176,2,2,91.68,785.2124,,,,,,,,,
2023,3300803,2,3,50.58,736.1155,,,,,,,,,
2023,3301405,2,5,49.73,734.246,,,,,,,,,
2023,3304524,2,5,65.82,751.6922,,,,,,,,,
2023,3500758,2,3,71.59,756.2254,,,,,,,,,
2023,3503208,2,3,55.9,744.9015,,,,,,,,,
2023,3504107,2,2,71.88,759.9465,,,,,,,,,
2023,3505351,2,3,65.06,751.6809,,,,,,,,,
2023,3506300,2,3,68.33,769.2366,,,,,,,,,
2023,3508504,2,3,53.05,742.2882,,,,,,,,,
2023,3509502,2,2,58.44,751.3349,,,,,,,,,
2023,3510906,2,3,67.22,763.3022,,,,,,,,,
2023,3511607,2,3,55.7,750.1404,,,,,,,,,
2023,3518909,2,3,88.59,788.5825,,,,,,,,,
2023,3523503,2,3,61.7,755.4402,,,,,,,,,
2023,3533403,2,3,54.93,741.176,,,,,,,,,
2023,3539905,2,2,40.07,726.9184,,,,,,,,,
2023,3541000,2,3,50.73,738.3685,,,,,,,,,
2023,3544509,2,3,60.53,746.0842,,,,,,,,,
2023,3547650,2,2,88.89,808.5825,,,,,,,,,
2023,3547908,2,3,49.66,734.2225,,,,,,,,,
2023,3548906,2,3,51.56,738.9847,,,,,,,,,
2023,3550902,2,3,62.84,751.6506,,,,,,,,,
2023,3552403,2,3,52.91,744.7665,,,,,,,,,
2023,3553708,2,3,62.12,757.4291,,,,,,,,,
2023,3554409,2,3,67.21,757.0608,,,,,,,,,
2023,4100707,2,5,74.73,758.9715,,,,,,,,,
2023,4102505,2,3,91,783.186,,,,,,,,,
2023,4103354,2,5,84.89,772.7008,,,,,,,,,
2023,4107124,2,3,69.4,756.2754,,,,,,,,,
2023,4108908,2,5,72.56,757.0496,,,,,,,,,
2023,4110953,2,5,86.91,774.6716,,,,,,,,,
2023,4114609,2,5,75.3,759.0326,,,,,,,,,
2023,4114906,2,3,72.1,756.3281,,,,,,,,,
2023,4118402,2,3,80.45,766.6178,,,,,,,,,
2023,4120606,2,3,82.7,765.4258,,,,,,,,,
2023,4121604,2,5,70.83,750.5876,,,,,,,,,
2023,4122602,2,3,68.42,753.6192,,,,,,,,,
2023,4126801,2,5,69.39,754.1815,,,,,,,,,
2023,4128005,2,5,85.59,770.3063,,,,,,,,,
2023,4201901,2,5,72.91,758.5073,,,,,,,,,
2023,4202057,2,5,60.27,745.7353,,,,,,,,,
2023,4204905,2,3,80.41,768.4502,,,,,,,,,
2023,4205100,2,3,87.24,770.7268,,,,,,,,,
2023,4205506,2,2,68,749.0465,,,,,,,,,
2023,4206207,2,2,54.3,737.1641,,,,,,,,,
2023,4206504,2,5,70.78,754.7522,,,,,,,,,
2023,4207304,2,5,54.52,741.3063,,,,,,,,,
2023,4207577,2,3,74.46,756.8943,,,,,,,,,
2023,4207684,2,3,59.49,749.439,,,,,,,,,
2023,4207759,2,2,100,777.4223,,,,,,,,,
2023,4208609,2,3,73.88,757.3908,,,,,,,,,
2023,4211058,2,5,63.76,747.1176,,,,,,,,,
2023,4211108,2,5,66.56,750.3242,,,,,,,,,
2023,4211256,2,3,71.43,769.1721,,,,,,,,,
2023,4212056,2,5,67.15,751.9827,,,,,,,,,
2023,4213401,2,5,66.34,749.4563,,,,,,,,,
2023,4213609,2,2,65.33,751.0209,,,,,,,,,
2023,4215406,2,3,85.44,771.8045,,,,,,,,,
2023,4215752,2,5,83.02,765.496,,,,,,,,,
2023,4216404,2,5,77.85,756.6634,,,,,,,,,
2023,4216800,2,5,66.81,749.0102,,,,,,,,,
2023,4217758,2,5,76.19,755.9165,,,,,,,,,
2023,4218608,2,5,68.13,744.5533,,,,,,,,,
2023,4219309,2,2,71.92,754.9279,,,,,,,,,
2023,4302238,2,5,71.3,752.5544,,,,,,,,,
2023,4304002,2,2,72.22,742.4711,,,,,,,,,
2023,4304630,2,5,46.77,734.3194,,,,,,,,,
2023,4305116,2,5,91.67,782.0486,,,,,,,,,
2023,4305447,2,3,71.05,748.9484,,,,,,,,,
2023,4306957,2,2,86.67,764.2575,,,,,,,,,
2023,4307708,2,5,61.82,747.2443,,,,,,,,,
2023,4309407,2,2,79.76,760.4064,,,,,,,,,
2023,4309555,2,5,87.2,772.5307,,,,,,,,,
2023,4311759,2,2,74.7,767.5429,,,,,,,,,
2023,4312476,2,3,51.54,743.4299,,,,,,,,,
2023,4312708,2,3,42.12,731.712,,,,,,,,,
2023,4313086,2,5,84.62,768.3617,,,,,,,,,
2023,4313391,2,5,86.08,759.4062,,,,,,,,,
2023,4314407,2,2,53.69,738.2141,,,,,,,,,
2023,4314498,2,3,85.11,756.8891,,,,,,,,,
2023,4316808,2,3,64.84,748.6255,,,,,,,,,
2023,4320230,2,3,85.29,765.2831,,,,,,,,,
2023,4320404,2,2,91.51,776.5815,,,,,,,,,
2023,4322400,2,3,61.3,743.3323,,,,,,,,,
2023,4323507,2,5,86.8,764.633,,,,,,,,,
2023,5007307,2,3,53.09,743.9598,,,,,,,,,
2023,5100300,2,3,73.84,768.83,,,,,,,,,
2023,5100508,2,2,100,796.77,,,,,,,,,
2023,5107354,2,5,51.3,742.69,,,,,,,,,
2023,5107909,2,2,43.12,731.09,,,,,,,,,
2023,5108600,2,5,47.89,733.29,,,,,,,,,
2023,5108907,2,3,61.75,752.73,,,,,,,,,
2023,5200506,2,2,94.15,790.3328,,,,,,,,,
2023,5201405,2,5,60.67,746.7593,,,,,,,,,
2023,5209150,2,5,39.78,729.4058,,,,,,,,,
2023,5209291,2,3,72.59,756.4576,,,,,,,,,
2023,5213400,2,3,68.61,772.1304,,,,,,,,,
2023,5213772,2,5,59.37,745.0892,,,,,,,,,
2023,5219803,2,5,45.68,729.095,,,,,,,,,
2023,1100254,2,5,59.4,750.4301,,,,,,,,,
2023,1100940,2,3,77.47,771.8271,,,,,,,,,
2023,1101203,2,3,72.5,785.6432,,,,,,,,,
2023,1300300,2,3,44.6,730.1448,,,,,,,,,
2023,1304302,2,2,93.55,777.1527,,,,,,,,,
2023,1500503,2,5,30.68,715.573,,,,,,,,,
2023,1507409,2,3,37.02,723.5517,,,,,,,,,
2023,1712801,2,5,19.32,720.5889,,,,,,,,,
2023,1716653,2,5,35.23,733.6772,,,,,,,,,
2023,2101103,2,3,81.88,780.2287,,,,,,,,,
2023,2102408,2,3,66.03,769.4792,,,,,,,,,
2023,2103752,2,3,66.75,753.4875,,,,,,,,,
2023,2104099,2,5,85.6,791.4467,,,,,,,,,
2023,2105476,2,5,47.09,741.0617,,,,,,,,,
2023,2105500,2,5,35.04,721.3748,,,,,,,,,
2023,2105989,2,3,60.63,754.0709,,,,,,,,,
2023,2109403,2,3,75.54,772.1995,,,,,,,,,
2023,2112605,2,5,76.76,768.6357,,,,,,,,,
2023,2200806,2,5,95.63,807.8954,,,,,,,,,
2023,2200905,2,3,57.69,754.6921,,,,,,,,,
2023,2201002,2,3,83.8,777.8225,,,,,,,,,
2023,2202307,2,3,13.66,698.9879,,,,,,,,,
2023,2202901,2,5,47.76,733.65,,,,,,,,,
2023,2206050,2,3,45.94,734.6575,,,,,,,,,
2023,2207108,2,3,62.5,759.0259,,,,,,,,,
2023,2210375,2,3,58.51,746.2839,,,,,,,,,
2023,2210383,2,5,24.14,718.9739,,,,,,,,,
2023,2210805,2,5,88.71,787.1548,,,,,,,,,
2023,2211209,2,5,27.78,723.3536,,,,,,,,,
2023,2300101,2,3,88.3,782.0445,,,,,,,,,
2023,2305605,2,3,98.8,827.6705,,,,,,,,,
2023,2305803,2,5,94.21,819.6779,,,,,,,,,
2023,2306603,2,3,99.62,825.1054,,,,,,,,,
2023,2307502,2,5,75.38,779.4349,,,,,,,,,
2023,2308807,2,5,98.91,822.7696,,,,,,,,,
2023,2400307,2,2,30.43,712.9733,,,,,,,,,
2023,2407302,2,5,25.17,705.7192,,,,,,,,,
2023,2408508,2,5,40.66,737.3272,,,,,,,,,
2023,2409407,2,2,40.41,728.801,,,,,,,,,
2023,2414407,2,2,27.01,711.171,,,,,,,,,
2023,2500106,2,5,47.63,734.6074,,,,,,,,,
2023,2500502,2,5,57.29,745.6798,,,,,,,,,
2023,2503209,2,2,50,732.7458,,,,,,,,,
2023,2504108,2,5,68.95,774.412,,,,,,,,,
2023,2505204,2,3,29.25,720.8332,,,,,,,,,
2023,2506301,2,3,36.12,720.0521,,,,,,,,,
2023,2509404,2,3,73.21,767.1491,,,,,,,,,
2023,2510006,2,3,36.48,732.941,,,,,,,,,
2023,2513000,2,5,72.73,744.2756,,,,,,,,,
2023,2513356,2,3,52.66,744.9401,,,,,,,,,
2023,2515500,2,3,57.57,748.9955,,,,,,,,,
2023,2600708,2,3,55.15,744.815,,,,,,,,,
2023,2600807,2,5,58.41,748.8195,,,,,,,,,
2023,2605608,2,3,74.26,767.2583,,,,,,,,,
2023,2609006,2,5,72.61,765.035,,,,,,,,,
2023,2610806,2,3,47.04,742.6864,,,,,,,,,
2023,2610905,2,3,59.65,748.3499,,,,,,,,,
2023,2614709,2,5,45.92,730.4166,,,,,,,,,
2023,2615300,2,5,74.11,763.8144,,,,,,,,,
2023,2703502,2,3,54.29,743.3947,,,,,,,,,
2023,2706448,2,3,53.42,734.8127,,,,,,,,,
2023,2707909,2,3,31.87,717.1098,,,,,,,,,
2023,2803005,2,5,59.05,749.6835,,,,,,,,,
2023,2804201,2,2,39.62,731.4546,,,,,,,,,
2023,2804300,2,5,10,676.0386,,,,,,,,,
2023,2806503,2,5,25,709.7878,,,,,,,,,
2023,2901106,2,3,37.49,727.0823,,,,,,,,,
2023,2901353,2,5,32.96,724.6774,,,,,,,,,
2023,2904852,2,3,28.03,718.0413,,,,,,,,,
2023,2905701,2,5,33.55,720.8822,,,,,,,,,
2023,2906857,2,5,35.87,716.9949,,,,,,,,,
2023,2907004,2,3,26.67,718.4729,,,,,,,,,
2023,2913200,2,3,42.38,727.9317,,,,,,,,,
2023,2916005,2,3,57.15,740.7921,,,,,,,,,
2023,2918357,2,5,34.64,728.7683,,,,,,,,,
2023,2919405,2,5,75,766.0613,,,,,,,,,
2023,2922052,2,3,22.47,715.0967,,,,,,,,,
2023,2922201,2,5,45.91,731.1362,,,,,,,,,
2023,2925600,2,3,21.28,709.155,,,,,,,,,
2023,2926103,2,3,18.48,709.4261,,,,,,,,,
2023,2926509,2,3,28.72,717.885,,,,,,,,,
2023,2926657,2,3,47.25,730.1323,,,,,,,,,
2023,2929404,2,5,28.76,718.1383,,,,,,,,,
2023,2929503,2,3,49.95,738.6326,,,,,,,,,
2023,2929909,2,5,48.67,737.9442,,,,,,,,,
2023,2929909,2,3,48.67,737.9442,,,,,,,,,
2023,2930709,2,5,42.62,731.1524,,,,,,,,,
2023,2931053,2,5,63.45,748.1557,,,,,,,,,
2023,2933208,2,5,39.14,730.642,,,,,,,,,
2023,3104700,2,5,55.89,744.6029,,,,,,,,,
2023,3107109,2,2,67.06,757.6177,,,,,,,,,
2023,3107703,2,2,46.67,735.8866,,,,,,,,,
2023,3108255,2,2,79.05,772.5255,,,,,,,,,
2023,3111101,2,5,77.26,786.7721,,,,,,,,,
2023,3114006,2,3,79.05,783.0739,,,,,,,,,
2023,3115508,2,5,75.23,764.0081,,,,,,,,,
2023,3116001,2,5,72.97,779.333,,,,,,,,,
2023,3116506,2,5,70.05,755.0706,,,,,,,,,
2023,3118106,2,5,91.99,798.5326,,,,,,,,,
2023,3118304,2,3,64.98,759.4468,,,,,,,,,
2023,3120607,2,5,81.48,775.112,,,,,,,,,
2023,3123601,2,3,57.91,748.1694,,,,,,,,,
2023,3127800,2,5,71.57,765.8674,,,,,,,,,
2023,3128600,2,5,79.05,770.9621,,,,,,,,,
2023,3128808,2,3,61.83,754.1555,,,,,,,,,
2023,3129707,2,3,32.8,724.7824,,,,,,,,,
2023,3130309,2,5,98.44,807.0663,,,,,,,,,
2023,3131802,2,2,100,789.5698,,,,,,,,,
2023,3133303,2,3,49.69,736.523,,,,,,,,,
2023,3138674,2,3,81.62,768.6456,,,,,,,,,
2023,3139102,2,5,69.45,757.9031,,,,,,,,,
2023,3141900,2,3,51.89,743.4661,,,,,,,,,
2023,3142809,2,5,74.78,772.2833,,,,,,,,,
2023,3144904,2,5,83.33,778.1525,,,,,,,,,
2023,3146552,2,3,62.52,762.5824,,,,,,,,,
2023,3149408,2,3,80,778.353,,,,,,,,,
2023,3149507,2,5,32.02,725.3816,,,,,,,,,
2023,3149606,2,3,64.18,759.2275,,,,,,,,,
2023,3150109,2,5,29.63,713.9055,,,,,,,,,
2023,3152808,2,3,55.38,744.8436,,,,,,,,,
2023,3156007,2,5,54.91,744.758,,,,,,,,,
2023,3157401,2,5,46.18,736.7316,,,,,,,,,
2023,3160603,2,5,58.82,749.8054,,,,,,,,,
2023,3162203,2,5,82.43,774.889,,,,,,,,,
2023,3163003,2,5,72.52,765.6092,,,,,,,,,
2023,3163508,2,3,55.27,747.6838,,,,,,,,,
2023,3165206,2,2,94.15,758.3101,,,,,,,,,
2023,3166709,2,3,51.8,741.6849,,,,,,,,,
2023,3167202,2,5,57.58,747.4625,,,,,,,,,
2023,3168606,2,2,54.27,742.898,,,,,,,,,
2023,3170438,2,5,72.25,767.5618,,,,,,,,,
2023,3170503,2,5,47.49,748.611,,,,,,,,,
2023,3203353,2,5,78.51,767.6776,,,,,,,,,
2023,3203502,2,5,63.05,748.6439,,,,,,,,,
2023,3205176,2,3,83.46,775.3902,,,,,,,,,
2023,3300605,2,5,57.91,743.6867,,,,,,,,,
2023,3301900,2,5,51.3,735.9675,,,,,,,,,
2023,3302502,2,3,46.26,732.4963,,,,,,,,,
2023,3304706,2,5,66.37,752.9027,,,,,,,,,
2023,3305208,2,3,56.22,741.4603,,,,,,,,,
2023,3305208,2,5,56.22,741.4603,,,,,,,,,
2023,3305307,2,3,63.7,750.019,,,,,,,,,
2023,3305604,2,5,55.39,737.0142,,,,,,,,,
2023,3305802,2,5,59.73,743.611,,,,,,,,,
2023,3306008,2,3,53.49,734.6643,,,,,,,,,
2023,3501509,2,3,74.3,768.6131,,,,,,,,,
2023,3501905,2,5,57.7,746.6154,,,,,,,,,
2023,3503000,2,3,43.28,732.7676,,,,,,,,,
2023,3503208,2,5,59.65,751.3777,,,,,,,,,
2023,3503307,2,3,58.1,749.0684,,,,,,,,,
2023,3510302,2,3,47.52,733.9637,,,,,,,,,
2023,3512902,2,3,94.57,812.7344,,,,,,,,,
2023,3513801,2,5,50.92,739.4689,,,,,,,,,
2023,3515103,2,2,64.08,760.8564,,,,,,,,,
2023,3517109,2,3,70.64,749.0046,,,,,,,,,
2023,3519303,2,3,52.81,741.7858,,,,,,,,,
2023,3529401,2,5,63.79,759.685,,,,,,,,,
2023,3530201,2,5,87.77,802.3942,,,,,,,,,
2023,3532843,2,3,78.95,775.2716,,,,,,,,,
2023,3533700,2,3,83.74,795.0571,,,,,,,,,
2023,3540903,2,3,74.24,769.3361,,,,,,,,,
2023,3544202,2,3,85.73,799.5384,,,,,,,,,
2023,3546603,2,3,59.21,744.2895,,,,,,,,,
2023,3550902,2,5,63.04,751.1892,,,,,,,,,
2023,3557006,2,3,48.87,738.2782,,,,,,,,,
2023,4103040,2,3,74.78,759.0772,,,,,,,,,
2023,4103057,2,3,72.39,752.442,,,,,,,,,
2023,4103404,2,5,80.11,766.2679,,,,,,,,,
2023,4103479,2,3,55.7,745.8713,,,,,,,,,
2023,4107751,2,3,82.1,769.586,,,,,,,,,
2023,4113700,2,5,73.98,759.9442,,,,,,,,,
2023,4116703,2,3,82.25,775.8657,,,,,,,,,
2023,4118451,2,3,90.47,779.5377,,,,,,,,,
